d,h,hdo,den,s1,s2,sp,,,,
3.1,2.5,15.1,489,0,1,birch,,,,
2.5,2.7,15.1,489,0,1,birch,,,,
2.9,3.3,15.1,489,0,1,birch,,,,
5.4,3.5,15.1,489,0,1,birch,,,,
6.2,3.5,15.1,489,0,1,birch,,,,
2.2,3.8,15.1,489,0,1,birch,,,,
2.5,4.2,15.1,489,0,1,birch,,,,
2.9,4.2,15.1,489,0,1,birch,,,,
3.6,4.2,15.1,489,0,1,birch,,,,
4.8,4.2,15.1,489,0,1,birch,,,,
4.5,4.3,15.1,489,0,1,birch,,,,
2.7,4.4,15.1,489,0,1,birch,,,,
2.5,4.5,15.1,489,0,1,birch,,,,
4.8,5.2,15.1,489,0,1,birch,,,,
13.5,5.2,15.1,489,0,1,birch,,,,
5.9,5.9,15.1,489,0,1,birch,,,,
6.2,5.9,15.1,489,0,1,birch,,,,
5.8,6.2,15.1,489,0,1,birch,,,,
11.2,7,15.1,489,0,1,birch,,,,
15.1,8.6,15.1,489,0,1,birch,,,,
23,9,15.1,489,0,1,birch,,,,
17.2,9.4,15.1,489,0,1,birch,,,,
18.4,9.9,15.1,489,0,1,birch,,,,
21.2,10,15.1,489,0,1,birch,,,,
6.2,10.6,15.1,489,0,1,birch,,,,
19.2,10.6,15.1,489,0,1,birch,,,,
23.3,11.4,15.1,489,0,1,birch,,,,
25.5,12.3,15.1,489,0,1,birch,,,,
24.5,12.5,15.1,489,0,1,birch,,,,
33.3,13.2,15.1,489,0,1,birch,,,,
23.4,13.4,15.1,489,0,1,birch,,,,
29.2,13.4,15.1,489,0,1,birch,,,,
26,13.9,15.1,489,0,1,birch,,,,
24.6,14.3,15.1,489,0,1,birch,,,,
33.4,14.3,15.1,489,0,1,birch,,,,
29,14.4,15.1,489,0,1,birch,,,,
36.4,14.6,15.1,489,0,1,birch,,,,
24.6,15,15.1,489,0,1,birch,,,,
26.8,15,15.1,489,0,1,birch,,,,
40.7,15.2,15.1,489,0,1,birch,,,,
27.7,15.8,15.1,489,0,1,birch,,,,
3.6,4.2,18.1,556,0,1,birch,,,,
10.6,5,18.1,556,0,1,birch,,,,
7.2,6.8,18.1,556,0,1,birch,,,,
9.7,7.6,18.1,556,0,1,birch,,,,
7.8,7.7,18.1,556,0,1,birch,,,,
10.7,8.2,18.1,556,0,1,birch,,,,
21.5,8.8,18.1,556,0,1,birch,,,,
8.6,9,18.1,556,0,1,birch,,,,
13.2,9.9,18.1,556,0,1,birch,,,,
14.7,10.2,18.1,556,0,1,birch,,,,
26.9,10.4,18.1,556,0,1,birch,,,,
20.1,10.8,18.1,556,0,1,birch,,,,
15.8,11,18.1,556,0,1,birch,,,,
15.4,11.2,18.1,556,0,1,birch,,,,
37.1,11.2,18.1,556,0,1,birch,,,,
26.7,11.3,18.1,556,0,1,birch,,,,
26.8,11.4,18.1,556,0,1,birch,,,,
16.2,11.5,18.1,556,0,1,birch,,,,
24.5,12,18.1,556,0,1,birch,,,,
22,12.2,18.1,556,0,1,birch,,,,
17.1,12.4,18.1,556,0,1,birch,,,,
21.3,13,18.1,556,0,1,birch,,,,
22.2,13.1,18.1,556,0,1,birch,,,,
22.3,13.2,18.1,556,0,1,birch,,,,
33.1,13.2,18.1,556,0,1,birch,,,,
27.5,13.5,18.1,556,0,1,birch,,,,
25.3,13.8,18.1,556,0,1,birch,,,,
27.6,13.9,18.1,556,0,1,birch,,,,
34.3,13.9,18.1,556,0,1,birch,,,,
27.5,14,18.1,556,0,1,birch,,,,
24,14.7,18.1,556,0,1,birch,,,,
23.2,14.9,18.1,556,0,1,birch,,,,
25.4,14.9,18.1,556,0,1,birch,,,,
27,14.9,18.1,556,0,1,birch,,,,
11.6,15.2,18.1,556,0,1,birch,,,,
25.7,15.3,18.1,556,0,1,birch,,,,
25,15.4,18.1,556,0,1,birch,,,,
28.2,15.4,18.1,556,0,1,birch,,,,
19.8,15.5,18.1,556,0,1,birch,,,,
13.9,15.6,18.1,556,0,1,birch,,,,
19.6,15.8,18.1,556,0,1,birch,,,,
22.3,16,18.1,556,0,1,birch,,,,
25.4,16.2,18.1,556,0,1,birch,,,,
18.9,16.6,18.1,556,0,1,birch,,,,
24.2,16.7,18.1,556,0,1,birch,,,,
30.3,17.3,18.1,556,0,1,birch,,,,
32.2,19.1,18.1,556,0,1,birch,,,,
28.8,20.9,18.1,556,0,1,birch,,,,
7.5,4.6,16.5,589,0,1,birch,,,,
5.8,5.2,16.5,589,0,1,birch,,,,
6.3,5.7,16.5,589,0,1,birch,,,,
7.4,6.1,16.5,589,0,1,birch,,,,
7.8,6.1,16.5,589,0,1,birch,,,,
19.1,7.1,16.5,589,0,1,birch,,,,
21,7.6,16.5,589,0,1,birch,,,,
14.7,7.9,16.5,589,0,1,birch,,,,
9,8.1,16.5,589,0,1,birch,,,,
7.2,8.4,16.5,589,0,1,birch,,,,
8.3,8.6,16.5,589,0,1,birch,,,,
8.8,8.7,16.5,589,0,1,birch,,,,
17.9,8.8,16.5,589,0,1,birch,,,,
20.1,9.2,16.5,589,0,1,birch,,,,
21.7,9.2,16.5,589,0,1,birch,,,,
12.8,9.3,16.5,589,0,1,birch,,,,
19.1,9.9,16.5,589,0,1,birch,,,,
16.8,10.4,16.5,589,0,1,birch,,,,
15,10.6,16.5,589,0,1,birch,,,,
23.6,10.6,16.5,589,0,1,birch,,,,
16.1,10.7,16.5,589,0,1,birch,,,,
20,10.7,16.5,589,0,1,birch,,,,
13.4,10.8,16.5,589,0,1,birch,,,,
22.9,11,16.5,589,0,1,birch,,,,
18.7,11.1,16.5,589,0,1,birch,,,,
22.2,11.1,16.5,589,0,1,birch,,,,
19.8,11.4,16.5,589,0,1,birch,,,,
25.8,11.4,16.5,589,0,1,birch,,,,
17.6,11.9,16.5,589,0,1,birch,,,,
17.1,12.2,16.5,589,0,1,birch,,,,
21.4,12.2,16.5,589,0,1,birch,,,,
21.1,12.4,16.5,589,0,1,birch,,,,
24.1,12.4,16.5,589,0,1,birch,,,,
25.2,12.4,16.5,589,0,1,birch,,,,
30.9,12.9,16.5,589,0,1,birch,,,,
26.3,13,16.5,589,0,1,birch,,,,
16.4,13.1,16.5,589,0,1,birch,,,,
20.2,13.1,16.5,589,0,1,birch,,,,
15.3,13.5,16.5,589,0,1,birch,,,,
18.2,13.5,16.5,589,0,1,birch,,,,
26.2,13.6,16.5,589,0,1,birch,,,,
23.4,13.9,16.5,589,0,1,birch,,,,
21.7,14.1,16.5,589,0,1,birch,,,,
18.2,14.7,16.5,589,0,1,birch,,,,
13.9,14.8,16.5,589,0,1,birch,,,,
22,15.1,16.5,589,0,1,birch,,,,
24.2,15.4,16.5,589,0,1,birch,,,,
25.6,15.7,16.5,589,0,1,birch,,,,
26.7,15.9,16.5,589,0,1,birch,,,,
18.5,16.1,16.5,589,0,1,birch,,,,
25.8,16.9,16.5,589,0,1,birch,,,,
3.5,3.3,12.9,633,0,1,birch,,,,
3.8,3.4,12.9,633,0,1,birch,,,,
3.6,3.5,12.9,633,0,1,birch,,,,
4.4,3.8,12.9,633,0,1,birch,,,,
10.2,5.2,12.9,633,0,1,birch,,,,
9.4,5.5,12.9,633,0,1,birch,,,,
5.3,5.8,12.9,633,0,1,birch,,,,
9.1,5.9,12.9,633,0,1,birch,,,,
7.2,6.1,12.9,633,0,1,birch,,,,
10.1,6.5,12.9,633,0,1,birch,,,,
8,6.8,12.9,633,0,1,birch,,,,
12.7,7.1,12.9,633,0,1,birch,,,,
5.2,7.2,12.9,633,0,1,birch,,,,
14.7,8.2,12.9,633,0,1,birch,,,,
14.2,8.4,12.9,633,0,1,birch,,,,
9.5,8.5,12.9,633,0,1,birch,,,,
10.5,8.5,12.9,633,0,1,birch,,,,
18.4,8.6,12.9,633,0,1,birch,,,,
16,8.9,12.9,633,0,1,birch,,,,
18.2,8.9,12.9,633,0,1,birch,,,,
9.1,9,12.9,633,0,1,birch,,,,
14.9,9,12.9,633,0,1,birch,,,,
15.6,9,12.9,633,0,1,birch,,,,
23.6,9,12.9,633,0,1,birch,,,,
12.9,9.1,12.9,633,0,1,birch,,,,
18.5,9.3,12.9,633,0,1,birch,,,,
7.4,9.4,12.9,633,0,1,birch,,,,
17.5,9.6,12.9,633,0,1,birch,,,,
14.4,9.8,12.9,633,0,1,birch,,,,
15.7,9.8,12.9,633,0,1,birch,,,,
19.7,9.8,12.9,633,0,1,birch,,,,
22.1,9.8,12.9,633,0,1,birch,,,,
15,9.9,12.9,633,0,1,birch,,,,
20.3,9.9,12.9,633,0,1,birch,,,,
17.1,10,12.9,633,0,1,birch,,,,
18.1,10,12.9,633,0,1,birch,,,,
15.5,10.1,12.9,633,0,1,birch,,,,
18.6,10.2,12.9,633,0,1,birch,,,,
14.4,10.3,12.9,633,0,1,birch,,,,
13.5,10.4,12.9,633,0,1,birch,,,,
14.8,10.4,12.9,633,0,1,birch,,,,
21.4,10.4,12.9,633,0,1,birch,,,,
31.5,10.5,12.9,633,0,1,birch,,,,
14.6,11,12.9,633,0,1,birch,,,,
14.1,11.1,12.9,633,0,1,birch,,,,
17.8,11.2,12.9,633,0,1,birch,,,,
20.1,11.2,12.9,633,0,1,birch,,,,
15.1,11.5,12.9,633,0,1,birch,,,,
13.2,11.6,12.9,633,0,1,birch,,,,
18.6,11.9,12.9,633,0,1,birch,,,,
9.6,12,12.9,633,0,1,birch,,,,
16.3,12.2,12.9,633,0,1,birch,,,,
24.7,12.6,12.9,633,0,1,birch,,,,
15.2,12.9,12.9,633,0,1,birch,,,,
15.2,13.3,12.9,633,0,1,birch,,,,
20.2,13.5,12.9,633,0,1,birch,,,,
6.8,3.4,17.7,644,0,1,birch,,,,
9.1,3.9,17.7,644,0,1,birch,,,,
9,4.4,17.7,644,0,1,birch,,,,
4.1,4.6,17.7,644,0,1,birch,,,,
7.8,4.8,17.7,644,0,1,birch,,,,
8.1,5.6,17.7,644,0,1,birch,,,,
16.6,5.7,17.7,644,0,1,birch,,,,
5.3,6,17.7,644,0,1,birch,,,,
8.6,6,17.7,644,0,1,birch,,,,
9.3,7,17.7,644,0,1,birch,,,,
8.6,7.5,17.7,644,0,1,birch,,,,
8.1,7.6,17.7,644,0,1,birch,,,,
10.5,7.9,17.7,644,0,1,birch,,,,
11.7,8.6,17.7,644,0,1,birch,,,,
11.6,8.7,17.7,644,0,1,birch,,,,
13.1,8.8,17.7,644,0,1,birch,,,,
11.2,9.1,17.7,644,0,1,birch,,,,
8.6,9.9,17.7,644,0,1,birch,,,,
12.6,9.9,17.7,644,0,1,birch,,,,
6.4,10.2,17.7,644,0,1,birch,,,,
9.6,10.3,17.7,644,0,1,birch,,,,
13.4,10.5,17.7,644,0,1,birch,,,,
13.5,10.9,17.7,644,0,1,birch,,,,
11.8,11.1,17.7,644,0,1,birch,,,,
15,11.4,17.7,644,0,1,birch,,,,
19.9,11.5,17.7,644,0,1,birch,,,,
28.7,11.5,17.7,644,0,1,birch,,,,
17.3,11.6,17.7,644,0,1,birch,,,,
20.9,11.7,17.7,644,0,1,birch,,,,
14.1,11.8,17.7,644,0,1,birch,,,,
19.5,11.8,17.7,644,0,1,birch,,,,
10,11.9,17.7,644,0,1,birch,,,,
25.5,11.9,17.7,644,0,1,birch,,,,
5.7,12,17.7,644,0,1,birch,,,,
18.5,12.5,17.7,644,0,1,birch,,,,
20.3,12.5,17.7,644,0,1,birch,,,,
18.5,12.6,17.7,644,0,1,birch,,,,
19.1,12.8,17.7,644,0,1,birch,,,,
20.2,12.8,17.7,644,0,1,birch,,,,
17.1,13.1,17.7,644,0,1,birch,,,,
16.2,13.3,17.7,644,0,1,birch,,,,
15.6,13.8,17.7,644,0,1,birch,,,,
26,13.8,17.7,644,0,1,birch,,,,
14.3,13.9,17.7,644,0,1,birch,,,,
27.1,14.1,17.7,644,0,1,birch,,,,
20.1,14.5,17.7,644,0,1,birch,,,,
22.3,14.6,17.7,644,0,1,birch,,,,
28,15.5,17.7,644,0,1,birch,,,,
14.8,15.6,17.7,644,0,1,birch,,,,
25.6,15.8,17.7,644,0,1,birch,,,,
21.7,15.9,17.7,644,0,1,birch,,,,
23.8,16.5,17.7,644,0,1,birch,,,,
31.9,16.9,17.7,644,0,1,birch,,,,
28.6,17.5,17.7,644,0,1,birch,,,,
23.3,17.9,17.7,644,0,1,birch,,,,
30.9,17.9,17.7,644,0,1,birch,,,,
27.8,18.5,17.7,644,0,1,birch,,,,
2.9,2.3,15.7,656,0,1,birch,,,,
4.8,2.3,15.7,656,0,1,birch,,,,
4.1,2.7,15.7,656,0,1,birch,,,,
3.1,2.8,15.7,656,0,1,birch,,,,
5.6,3.2,15.7,656,0,1,birch,,,,
3.8,3.4,15.7,656,0,1,birch,,,,
5.9,3.7,15.7,656,0,1,birch,,,,
3.9,3.8,15.7,656,0,1,birch,,,,
7.5,4,15.7,656,0,1,birch,,,,
8.1,5.5,15.7,656,0,1,birch,,,,
5.2,5.9,15.7,656,0,1,birch,,,,
4.7,6,15.7,656,0,1,birch,,,,
9.8,6.2,15.7,656,0,1,birch,,,,
6.2,6.4,15.7,656,0,1,birch,,,,
7.2,6.7,15.7,656,0,1,birch,,,,
11.8,6.7,15.7,656,0,1,birch,,,,
6.9,7.7,15.7,656,0,1,birch,,,,
9.8,8.8,15.7,656,0,1,birch,,,,
18.3,9.2,15.7,656,0,1,birch,,,,
12.2,9.3,15.7,656,0,1,birch,,,,
16.4,9.4,15.7,656,0,1,birch,,,,
18,9.4,15.7,656,0,1,birch,,,,
11.2,9.8,15.7,656,0,1,birch,,,,
21.1,10.1,15.7,656,0,1,birch,,,,
23.9,10.2,15.7,656,0,1,birch,,,,
19.4,10.4,15.7,656,0,1,birch,,,,
15.2,10.7,15.7,656,0,1,birch,,,,
10.3,10.8,15.7,656,0,1,birch,,,,
28.4,10.8,15.7,656,0,1,birch,,,,
19.5,10.9,15.7,656,0,1,birch,,,,
8.3,11.1,15.7,656,0,1,birch,,,,
24.4,12.1,15.7,656,0,1,birch,,,,
18.4,12.2,15.7,656,0,1,birch,,,,
11.4,12.4,15.7,656,0,1,birch,,,,
13.1,12.4,15.7,656,0,1,birch,,,,
19.4,12.4,15.7,656,0,1,birch,,,,
15.4,12.6,15.7,656,0,1,birch,,,,
24.4,12.7,15.7,656,0,1,birch,,,,
15.2,12.8,15.7,656,0,1,birch,,,,
18.1,13.1,15.7,656,0,1,birch,,,,
13.1,13.2,15.7,656,0,1,birch,,,,
25.3,13.2,15.7,656,0,1,birch,,,,
19.7,13.3,15.7,656,0,1,birch,,,,
21.3,13.9,15.7,656,0,1,birch,,,,
23.7,14,15.7,656,0,1,birch,,,,
25.7,14,15.7,656,0,1,birch,,,,
13.9,14.1,15.7,656,0,1,birch,,,,
22.7,14.4,15.7,656,0,1,birch,,,,
25.4,14.7,15.7,656,0,1,birch,,,,
21.7,14.9,15.7,656,0,1,birch,,,,
23.9,15.1,15.7,656,0,1,birch,,,,
24.2,15.1,15.7,656,0,1,birch,,,,
22,15.3,15.7,656,0,1,birch,,,,
27.7,15.3,15.7,656,0,1,birch,,,,
22.8,15.4,15.7,656,0,1,birch,,,,
21.7,16.1,15.7,656,0,1,birch,,,,
16.2,16.6,15.7,656,0,1,birch,,,,
8.3,4.2,20.5,722,0,1,birch,,,,
5.6,5.4,20.5,722,0,1,birch,,,,
12.7,5.7,20.5,722,0,1,birch,,,,
7.9,6.3,20.5,722,0,1,birch,,,,
10.7,7.7,20.5,722,0,1,birch,,,,
11.5,7.9,20.5,722,0,1,birch,,,,
16.8,8.5,20.5,722,0,1,birch,,,,
16.8,8.7,20.5,722,0,1,birch,,,,
7.4,8.9,20.5,722,0,1,birch,,,,
8.9,8.9,20.5,722,0,1,birch,,,,
14.3,9.1,20.5,722,0,1,birch,,,,
14.6,10.5,20.5,722,0,1,birch,,,,
15.4,10.7,20.5,722,0,1,birch,,,,
23.2,11.4,20.5,722,0,1,birch,,,,
10.8,11.7,20.5,722,0,1,birch,,,,
18.8,12.2,20.5,722,0,1,birch,,,,
25.1,12.7,20.5,722,0,1,birch,,,,
20.1,12.9,20.5,722,0,1,birch,,,,
21.7,12.9,20.5,722,0,1,birch,,,,
11.2,13.1,20.5,722,0,1,birch,,,,
16.6,13.1,20.5,722,0,1,birch,,,,
22,13.2,20.5,722,0,1,birch,,,,
26.9,13.8,20.5,722,0,1,birch,,,,
18.3,14.4,20.5,722,0,1,birch,,,,
23.1,14.4,20.5,722,0,1,birch,,,,
13.3,14.6,20.5,722,0,1,birch,,,,
20,15.4,20.5,722,0,1,birch,,,,
13.3,15.6,20.5,722,0,1,birch,,,,
18.2,15.7,20.5,722,0,1,birch,,,,
22.5,16,20.5,722,0,1,birch,,,,
25.5,16,20.5,722,0,1,birch,,,,
19.3,16.2,20.5,722,0,1,birch,,,,
7.4,16.4,20.5,722,0,1,birch,,,,
17.5,16.4,20.5,722,0,1,birch,,,,
19.4,16.7,20.5,722,0,1,birch,,,,
23.3,16.7,20.5,722,0,1,birch,,,,
24.4,16.7,20.5,722,0,1,birch,,,,
37.9,16.7,20.5,722,0,1,birch,,,,
23.3,16.8,20.5,722,0,1,birch,,,,
21.3,16.9,20.5,722,0,1,birch,,,,
14.2,17.1,20.5,722,0,1,birch,,,,
24.5,17.4,20.5,722,0,1,birch,,,,
11.2,17.6,20.5,722,0,1,birch,,,,
18.5,18.7,20.5,722,0,1,birch,,,,
20.8,18.7,20.5,722,0,1,birch,,,,
33.5,22.6,20.5,722,0,1,birch,,,,
3.8,2.9,20.1,733,0,1,birch,,,,
6.6,3.2,20.1,733,0,1,birch,,,,
4.6,3.5,20.1,733,0,1,birch,,,,
8.6,4.2,20.1,733,0,1,birch,,,,
4.8,5.1,20.1,733,0,1,birch,,,,
9.5,5.4,20.1,733,0,1,birch,,,,
11.6,6.7,20.1,733,0,1,birch,,,,
10.7,6.8,20.1,733,0,1,birch,,,,
8.4,7.2,20.1,733,0,1,birch,,,,
8.4,8,20.1,733,0,1,birch,,,,
22.2,8,20.1,733,0,1,birch,,,,
11.5,8.1,20.1,733,0,1,birch,,,,
9.4,8.2,20.1,733,0,1,birch,,,,
15.3,8.8,20.1,733,0,1,birch,,,,
9.9,8.9,20.1,733,0,1,birch,,,,
12.6,8.9,20.1,733,0,1,birch,,,,
12.2,9.3,20.1,733,0,1,birch,,,,
18.6,10,20.1,733,0,1,birch,,,,
22.2,10.2,20.1,733,0,1,birch,,,,
26.6,10.2,20.1,733,0,1,birch,,,,
32.9,10.2,20.1,733,0,1,birch,,,,
16.5,10.7,20.1,733,0,1,birch,,,,
10.6,10.8,20.1,733,0,1,birch,,,,
18.9,10.8,20.1,733,0,1,birch,,,,
21.1,11.2,20.1,733,0,1,birch,,,,
11.6,11.3,20.1,733,0,1,birch,,,,
18.5,11.5,20.1,733,0,1,birch,,,,
10.7,11.7,20.1,733,0,1,birch,,,,
24,11.8,20.1,733,0,1,birch,,,,
13.9,12,20.1,733,0,1,birch,,,,
16.5,12.3,20.1,733,0,1,birch,,,,
28.1,12.3,20.1,733,0,1,birch,,,,
14.5,12.4,20.1,733,0,1,birch,,,,
21.3,12.4,20.1,733,0,1,birch,,,,
26.9,12.4,20.1,733,0,1,birch,,,,
15.1,12.5,20.1,733,0,1,birch,,,,
26.6,12.5,20.1,733,0,1,birch,,,,
25.3,12.6,20.1,733,0,1,birch,,,,
14.9,13.1,20.1,733,0,1,birch,,,,
27.8,13.3,20.1,733,0,1,birch,,,,
26.5,13.5,20.1,733,0,1,birch,,,,
21.2,13.6,20.1,733,0,1,birch,,,,
17,13.8,20.1,733,0,1,birch,,,,
17.5,13.9,20.1,733,0,1,birch,,,,
17.3,14,20.1,733,0,1,birch,,,,
20.1,14.1,20.1,733,0,1,birch,,,,
20.2,14.4,20.1,733,0,1,birch,,,,
21.9,14.4,20.1,733,0,1,birch,,,,
22.7,14.6,20.1,733,0,1,birch,,,,
19.5,14.7,20.1,733,0,1,birch,,,,
24.2,14.7,20.1,733,0,1,birch,,,,
23.1,14.8,20.1,733,0,1,birch,,,,
18.8,15,20.1,733,0,1,birch,,,,
15.1,15.1,20.1,733,0,1,birch,,,,
18.2,15.1,20.1,733,0,1,birch,,,,
27.7,15.3,20.1,733,0,1,birch,,,,
23.8,15.4,20.1,733,0,1,birch,,,,
23.1,15.5,20.1,733,0,1,birch,,,,
23.9,15.8,20.1,733,0,1,birch,,,,
23.6,16.7,20.1,733,0,1,birch,,,,
41.4,17,20.1,733,0,1,birch,,,,
26.2,18.4,20.1,733,0,1,birch,,,,
26.1,19,20.1,733,0,1,birch,,,,
23.9,20.4,20.1,733,0,1,birch,,,,
31.4,20.4,20.1,733,0,1,birch,,,,
32.9,22.1,20.1,733,0,1,birch,,,,
7.4,4,19.6,789,0,1,birch,,,,
9.4,4.5,14.6,789,0,1,birch,,,,
5,4.8,14.6,789,0,1,birch,,,,
5.4,4.9,19.6,789,0,1,birch,,,,
4.3,5.4,19.6,789,0,1,birch,,,,
8.9,5.4,14.6,789,0,1,birch,,,,
9.9,6.3,14.6,789,0,1,birch,,,,
10.3,6.3,14.6,789,0,1,birch,,,,
10.1,7,19.6,789,0,1,birch,,,,
12.3,7.2,14.6,789,0,1,birch,,,,
8.8,7.7,19.6,789,0,1,birch,,,,
9.4,7.7,19.6,789,0,1,birch,,,,
20.7,8.9,19.6,789,0,1,birch,,,,
24,9,19.6,789,0,1,birch,,,,
25,9,19.6,789,0,1,birch,,,,
13.9,9.3,19.6,789,0,1,birch,,,,
28.2,9.3,19.6,789,0,1,birch,,,,
24,9.5,19.6,789,0,1,birch,,,,
12.1,9.7,19.6,789,0,1,birch,,,,
23,9.7,19.6,789,0,1,birch,,,,
16.2,10,19.6,789,0,1,birch,,,,
14.3,10.2,19.6,789,0,1,birch,,,,
12.7,10.3,19.6,789,0,1,birch,,,,
16.3,10.3,19.6,789,0,1,birch,,,,
28.9,10.4,19.6,789,0,1,birch,,,,
15.1,10.5,19.6,789,0,1,birch,,,,
15.1,10.5,19.6,789,0,1,birch,,,,
21.8,10.5,19.6,789,0,1,birch,,,,
32.9,10.5,14.6,789,0,1,birch,,,,
8.4,10.6,19.6,789,0,1,birch,,,,
22.3,10.8,14.6,789,0,1,birch,,,,
24.1,10.8,19.6,789,0,1,birch,,,,
24.4,10.8,19.6,789,0,1,birch,,,,
15,10.9,19.6,789,0,1,birch,,,,
21.1,10.9,19.6,789,0,1,birch,,,,
21.2,11.1,19.6,789,0,1,birch,,,,
11.2,11.2,19.6,789,0,1,birch,,,,
23.8,11.2,14.6,789,0,1,birch,,,,
25.9,11.3,19.6,789,0,1,birch,,,,
12.4,11.6,19.6,789,0,1,birch,,,,
19.3,11.6,14.6,789,0,1,birch,,,,
29.6,11.6,19.6,789,0,1,birch,,,,
23.2,11.7,19.6,789,0,1,birch,,,,
17.9,11.8,19.6,789,0,1,birch,,,,
15.6,11.9,19.6,789,0,1,birch,,,,
23.3,11.9,19.6,789,0,1,birch,,,,
11.8,12,19.6,789,0,1,birch,,,,
25.8,12.1,19.6,789,0,1,birch,,,,
23.1,12.4,19.6,789,0,1,birch,,,,
18.6,12.9,19.6,789,0,1,birch,,,,
23.7,12.9,19.6,789,0,1,birch,,,,
25.2,13,19.6,789,0,1,birch,,,,
22.6,13.1,19.6,789,0,1,birch,,,,
17,13.2,19.6,789,0,1,birch,,,,
22.3,13.2,19.6,789,0,1,birch,,,,
23.1,13.2,19.6,789,0,1,birch,,,,
19.8,13.3,19.6,789,0,1,birch,,,,
23.2,13.3,19.6,789,0,1,birch,,,,
25.8,13.3,19.6,789,0,1,birch,,,,
26.8,13.3,19.6,789,0,1,birch,,,,
22.1,13.4,19.6,789,0,1,birch,,,,
27.3,13.5,19.6,789,0,1,birch,,,,
29,13.5,19.6,789,0,1,birch,,,,
21.5,13.7,19.6,789,0,1,birch,,,,
22.7,13.7,19.6,789,0,1,birch,,,,
21.4,13.8,19.6,789,0,1,birch,,,,
24.3,13.8,19.6,789,0,1,birch,,,,
21.2,14,19.6,789,0,1,birch,,,,
27.1,14.3,14.6,789,0,1,birch,,,,
24.8,14.4,19.6,789,0,1,birch,,,,
26.6,15,19.6,789,0,1,birch,,,,
24.9,15.7,19.6,789,0,1,birch,,,,
23.4,15.8,19.6,789,0,1,birch,,,,
27.3,16,19.6,789,0,1,birch,,,,
27.1,16.6,19.6,789,0,1,birch,,,,
16.7,17.2,19.6,789,0,1,birch,,,,
27.6,18.4,19.6,789,0,1,birch,,,,
21.9,18.5,19.6,789,0,1,birch,,,,
30.5,18.6,19.6,789,0,1,birch,,,,
25.6,19.9,19.6,789,0,1,birch,,,,
25.9,20.1,19.6,789,0,1,birch,,,,
30.6,20.7,19.6,789,0,1,birch,,,,
3.5,2.6,20.3,800,0,1,birch,,,,
10.7,4.3,20.3,800,0,1,birch,,,,
8.6,5,20.3,800,0,1,birch,,,,
11.3,5.8,20.3,800,0,1,birch,,,,
4.5,6.1,20.3,800,0,1,birch,,,,
7.9,6.3,20.3,800,0,1,birch,,,,
11.9,6.3,20.3,800,0,1,birch,,,,
10.1,6.8,20.3,800,0,1,birch,,,,
7.9,7,20.3,800,0,1,birch,,,,
6.8,7.1,20.3,800,0,1,birch,,,,
10.6,7.6,20.3,800,0,1,birch,,,,
10.9,8.1,20.3,800,0,1,birch,,,,
11.5,8.5,20.3,800,0,1,birch,,,,
13.2,8.7,20.3,800,0,1,birch,,,,
14.1,8.8,20.3,800,0,1,birch,,,,
12,8.9,20.3,800,0,1,birch,,,,
13.8,9.1,20.3,800,0,1,birch,,,,
22.7,9.2,20.3,800,0,1,birch,,,,
14.2,9.7,20.3,800,0,1,birch,,,,
9.6,9.8,20.3,800,0,1,birch,,,,
11.6,10,20.3,800,0,1,birch,,,,
14,10.1,20.3,800,0,1,birch,,,,
9.3,10.5,20.3,800,0,1,birch,,,,
15.5,10.5,20.3,800,0,1,birch,,,,
13.6,10.7,20.3,800,0,1,birch,,,,
8,10.8,20.3,800,0,1,birch,,,,
11.9,10.8,20.3,800,0,1,birch,,,,
23.2,11.5,20.3,800,0,1,birch,,,,
17.7,11.7,20.3,800,0,1,birch,,,,
22.1,11.9,20.3,800,0,1,birch,,,,
18.2,12,20.3,800,0,1,birch,,,,
19.8,12.1,20.3,800,0,1,birch,,,,
23.1,12.3,20.3,800,0,1,birch,,,,
11.2,12.4,20.3,800,0,1,birch,,,,
15.6,12.5,20.3,800,0,1,birch,,,,
16.1,13.5,20.3,800,0,1,birch,,,,
20.5,13.6,20.3,800,0,1,birch,,,,
21.2,13.6,20.3,800,0,1,birch,,,,
23.8,13.8,20.3,800,0,1,birch,,,,
15.3,14,20.3,800,0,1,birch,,,,
18.2,14.2,20.3,800,0,1,birch,,,,
19.2,14.2,20.3,800,0,1,birch,,,,
17.7,14.3,20.3,800,0,1,birch,,,,
14.9,14.4,20.3,800,0,1,birch,,,,
22.1,14.4,20.3,800,0,1,birch,,,,
15.1,14.5,20.3,800,0,1,birch,,,,
19.1,14.5,20.3,800,0,1,birch,,,,
20.4,14.5,20.3,800,0,1,birch,,,,
18.8,14.7,20.3,800,0,1,birch,,,,
17.1,14.8,20.3,800,0,1,birch,,,,
29.6,14.8,20.3,800,0,1,birch,,,,
17.3,14.9,20.3,800,0,1,birch,,,,
18.8,15,20.3,800,0,1,birch,,,,
14.5,15.1,20.3,800,0,1,birch,,,,
20.6,15.6,20.3,800,0,1,birch,,,,
22.6,15.9,20.3,800,0,1,birch,,,,
19.1,16.1,20.3,800,0,1,birch,,,,
23.5,16.3,20.3,800,0,1,birch,,,,
18.8,16.4,20.3,800,0,1,birch,,,,
18.4,16.5,20.3,800,0,1,birch,,,,
30.7,16.6,20.3,800,0,1,birch,,,,
19.1,16.7,20.3,800,0,1,birch,,,,
23.3,17.1,20.3,800,0,1,birch,,,,
21.4,17.6,20.3,800,0,1,birch,,,,
19.5,17.8,20.3,800,0,1,birch,,,,
20.1,18.5,20.3,800,0,1,birch,,,,
19.9,18.9,20.3,800,0,1,birch,,,,
17.7,19,20.3,800,0,1,birch,,,,
16.5,19.1,20.3,800,0,1,birch,,,,
26,20.2,20.3,800,0,1,birch,,,,
23.2,20.6,20.3,800,0,1,birch,,,,
16.2,22.6,20.3,800,0,1,birch,,,,
4.3,3.2,18.7,844,0,1,birch,,,,
3.6,3.4,18.7,844,0,1,birch,,,,
4.4,3.6,18.7,844,0,1,birch,,,,
7.2,3.6,18.7,844,0,1,birch,,,,
4,3.7,18.7,844,0,1,birch,,,,
4,3.7,18.7,844,0,1,birch,,,,
4.3,3.9,18.7,844,0,1,birch,,,,
5.7,4,18.7,844,0,1,birch,,,,
6.4,4.1,18.7,844,0,1,birch,,,,
6.7,4.3,18.7,844,0,1,birch,,,,
7.2,4.4,18.7,844,0,1,birch,,,,
3.4,5,18.7,844,0,1,birch,,,,
6.8,5.2,18.7,844,0,1,birch,,,,
6.2,6,18.7,844,0,1,birch,,,,
7.5,6.3,18.7,844,0,1,birch,,,,
6.4,6.6,18.7,844,0,1,birch,,,,
10.2,6.8,18.7,844,0,1,birch,,,,
12.5,6.9,18.7,844,0,1,birch,,,,
7.4,7.1,18.7,844,0,1,birch,,,,
9.7,7.2,18.7,844,0,1,birch,,,,
11,7.2,18.7,844,0,1,birch,,,,
13.2,7.2,18.7,844,0,1,birch,,,,
13.7,7.2,18.7,844,0,1,birch,,,,
10,7.3,18.7,844,0,1,birch,,,,
13.3,7.6,18.7,844,0,1,birch,,,,
7,7.8,18.7,844,0,1,birch,,,,
7.2,7.8,18.7,844,0,1,birch,,,,
8.5,9.2,18.7,844,0,1,birch,,,,
9.5,9.2,18.7,844,0,1,birch,,,,
8,9.7,18.7,844,0,1,birch,,,,
14.3,9.7,18.7,844,0,1,birch,,,,
9.8,9.9,18.7,844,0,1,birch,,,,
15.7,10,18.7,844,0,1,birch,,,,
16.3,10.6,18.7,844,0,1,birch,,,,
15.6,10.9,18.7,844,0,1,birch,,,,
14.5,11,18.7,844,0,1,birch,,,,
22.1,11.1,18.7,844,0,1,birch,,,,
16.1,11.6,18.7,844,0,1,birch,,,,
18.6,11.7,18.7,844,0,1,birch,,,,
20.1,11.8,18.7,844,0,1,birch,,,,
12.8,12,18.7,844,0,1,birch,,,,
10.5,12.2,18.7,844,0,1,birch,,,,
12.8,12.4,18.7,844,0,1,birch,,,,
15.1,12.4,18.7,844,0,1,birch,,,,
25.5,12.5,18.7,844,0,1,birch,,,,
24.2,12.6,18.7,844,0,1,birch,,,,
16.1,12.7,18.7,844,0,1,birch,,,,
16.8,12.7,18.7,844,0,1,birch,,,,
17.2,12.7,18.7,844,0,1,birch,,,,
25.7,12.7,18.7,844,0,1,birch,,,,
22.8,13.4,18.7,844,0,1,birch,,,,
13,13.8,18.7,844,0,1,birch,,,,
5.5,14,18.7,844,0,1,birch,,,,
22.1,14.1,18.7,844,0,1,birch,,,,
13.7,14.3,18.7,844,0,1,birch,,,,
20.8,14.7,18.7,844,0,1,birch,,,,
30,14.7,18.7,844,0,1,birch,,,,
16.1,14.8,18.7,844,0,1,birch,,,,
20.4,14.8,18.7,844,0,1,birch,,,,
24,14.9,18.7,844,0,1,birch,,,,
17.3,15.1,18.7,844,0,1,birch,,,,
30.3,15.6,18.7,844,0,1,birch,,,,
15.1,15.7,18.7,844,0,1,birch,,,,
20.6,15.9,18.7,844,0,1,birch,,,,
15.1,16.5,18.7,844,0,1,birch,,,,
21.8,16.5,18.7,844,0,1,birch,,,,
25.8,16.6,18.7,844,0,1,birch,,,,
24.8,16.7,18.7,844,0,1,birch,,,,
18.5,16.9,18.7,844,0,1,birch,,,,
18.7,17.1,18.7,844,0,1,birch,,,,
21.9,17.2,18.7,844,0,1,birch,,,,
29.3,17.3,18.7,844,0,1,birch,,,,
13.4,17.6,18.7,844,0,1,birch,,,,
30.6,17.9,18.7,844,0,1,birch,,,,
25.2,18.2,18.7,844,0,1,birch,,,,
23.6,18.3,18.7,844,0,1,birch,,,,
4,3.4,21,922,0,1,birch,,,,
4.5,4.7,21,922,0,1,birch,,,,
8.5,4.7,21,922,0,1,birch,,,,
3.8,5.2,21,922,0,1,birch,,,,
6.6,6.2,21,922,0,1,birch,,,,
8,6.4,21,922,0,1,birch,,,,
7.1,7.1,21,922,0,1,birch,,,,
8.6,7.3,21,922,0,1,birch,,,,
8.1,7.4,21,922,0,1,birch,,,,
8.6,7.4,21,922,0,1,birch,,,,
10.8,7.4,21,922,0,1,birch,,,,
8.9,7.5,21,922,0,1,birch,,,,
7.4,7.6,21,922,0,1,birch,,,,
6.6,7.8,21,922,0,1,birch,,,,
15.4,7.8,21,922,0,1,birch,,,,
6.9,7.9,21,922,0,1,birch,,,,
8,8.1,21,922,0,1,birch,,,,
8.8,8.2,21,922,0,1,birch,,,,
12,8.6,21,922,0,1,birch,,,,
14.4,9.5,21,922,0,1,birch,,,,
10.5,9.7,21,922,0,1,birch,,,,
11.1,9.7,21,922,0,1,birch,,,,
9.6,9.9,21,922,0,1,birch,,,,
10.3,9.9,21,922,0,1,birch,,,,
11.8,10.4,21,922,0,1,birch,,,,
19.9,10.7,21,922,0,1,birch,,,,
23.2,11.1,21,922,0,1,birch,,,,
6.7,11.2,21,922,0,1,birch,,,,
18.9,11.5,21,922,0,1,birch,,,,
15.6,11.7,21,922,0,1,birch,,,,
15.4,12,21,922,0,1,birch,,,,
20.5,12.3,21,922,0,1,birch,,,,
12.4,12.4,21,922,0,1,birch,,,,
15.6,12.8,21,922,0,1,birch,,,,
21.6,12.9,21,922,0,1,birch,,,,
23.9,13.1,21,922,0,1,birch,,,,
16.9,13.2,21,922,0,1,birch,,,,
13.1,13.3,21,922,0,1,birch,,,,
15.6,13.5,21,922,0,1,birch,,,,
22.5,13.5,21,922,0,1,birch,,,,
24.4,13.5,21,922,0,1,birch,,,,
16.8,13.7,21,922,0,1,birch,,,,
19.8,13.8,21,922,0,1,birch,,,,
25,14.1,21,922,0,1,birch,,,,
24.5,14.4,21,922,0,1,birch,,,,
27.7,14.4,21,922,0,1,birch,,,,
20.8,14.6,21,922,0,1,birch,,,,
14.5,14.8,21,922,0,1,birch,,,,
15.4,14.8,21,922,0,1,birch,,,,
23.5,14.8,21,922,0,1,birch,,,,
24.5,14.8,21,922,0,1,birch,,,,
24.2,14.9,21,922,0,1,birch,,,,
15.2,15.1,21,922,0,1,birch,,,,
23.2,15.2,21,922,0,1,birch,,,,
25.8,15.2,21,922,0,1,birch,,,,
19.7,15.3,21,922,0,1,birch,,,,
28,15.4,21,922,0,1,birch,,,,
28.1,15.4,21,922,0,1,birch,,,,
15.1,15.6,21,922,0,1,birch,,,,
18.1,15.6,21,922,0,1,birch,,,,
19,15.6,21,922,0,1,birch,,,,
27.6,16,21,922,0,1,birch,,,,
22.9,16.2,21,922,0,1,birch,,,,
26.9,16.2,21,922,0,1,birch,,,,
27.1,16.3,21,922,0,1,birch,,,,
18.7,16.4,21,922,0,1,birch,,,,
24.2,16.4,21,922,0,1,birch,,,,
18.8,16.5,21,922,0,1,birch,,,,
22.7,16.8,21,922,0,1,birch,,,,
25.6,16.9,21,922,0,1,birch,,,,
22.6,17.8,21,922,0,1,birch,,,,
23.1,17.8,21,922,0,1,birch,,,,
22.2,18,21,922,0,1,birch,,,,
28.6,18,21,922,0,1,birch,,,,
27.3,18.3,21,922,0,1,birch,,,,
22,18.6,21,922,0,1,birch,,,,
26.7,18.7,21,922,0,1,birch,,,,
28.9,18.7,21,922,0,1,birch,,,,
24.2,18.9,21,922,0,1,birch,,,,
13.3,19.3,21,922,0,1,birch,,,,
22.7,20,21,922,0,1,birch,,,,
26.8,20.4,21,922,0,1,birch,,,,
19,23.3,21,922,0,1,birch,,,,
6.8,3.2,22.8,956,0,1,birch,,,,
7.2,3.2,22.8,956,0,1,birch,,,,
7.2,4,22.8,956,0,1,birch,,,,
7.6,4,22.8,956,0,1,birch,,,,
17.1,5.7,22.8,956,0,1,birch,,,,
8.2,6.2,22.8,956,0,1,birch,,,,
11.7,6.5,22.8,956,0,1,birch,,,,
14.7,6.6,22.8,956,0,1,birch,,,,
6.3,7,22.8,956,0,1,birch,,,,
7.6,7.1,22.8,956,0,1,birch,,,,
17.4,7.1,22.8,956,0,1,birch,,,,
9.3,7.4,22.8,956,0,1,birch,,,,
9.9,7.8,22.8,956,0,1,birch,,,,
19.2,7.8,22.8,956,0,1,birch,,,,
10.1,8,22.8,956,0,1,birch,,,,
8.7,8.2,22.8,956,0,1,birch,,,,
17.8,8.2,22.8,956,0,1,birch,,,,
16.5,8.7,22.8,956,0,1,birch,,,,
18.5,8.8,22.8,956,0,1,birch,,,,
11.1,8.9,22.8,956,0,1,birch,,,,
13.4,8.9,22.8,956,0,1,birch,,,,
14.9,9,22.8,956,0,1,birch,,,,
8.4,9.1,22.8,956,0,1,birch,,,,
26.8,9.1,22.8,956,0,1,birch,,,,
9.8,9.2,22.8,956,0,1,birch,,,,
11.4,9.2,22.8,956,0,1,birch,,,,
13.2,9.3,22.8,956,0,1,birch,,,,
17.5,9.3,22.8,956,0,1,birch,,,,
18.8,9.3,22.8,956,0,1,birch,,,,
5.9,9.5,22.8,956,0,1,birch,,,,
15.8,9.5,22.8,956,0,1,birch,,,,
16.7,9.5,22.8,956,0,1,birch,,,,
22.7,9.5,22.8,956,0,1,birch,,,,
17.3,9.6,22.8,956,0,1,birch,,,,
26.2,9.6,22.8,956,0,1,birch,,,,
10,10,22.8,956,0,1,birch,,,,
13,10,22.8,956,0,1,birch,,,,
8.2,10.1,22.8,956,0,1,birch,,,,
16.1,10.1,22.8,956,0,1,birch,,,,
11.8,10.2,22.8,956,0,1,birch,,,,
6.8,10.7,22.8,956,0,1,birch,,,,
20.1,11,22.8,956,0,1,birch,,,,
17,11.1,22.8,956,0,1,birch,,,,
15.9,11.2,22.8,956,0,1,birch,,,,
23.4,11.3,22.8,956,0,1,birch,,,,
16.6,11.5,22.8,956,0,1,birch,,,,
12.8,11.7,22.8,956,0,1,birch,,,,
16.4,11.7,22.8,956,0,1,birch,,,,
10.7,11.9,22.8,956,0,1,birch,,,,
19.2,11.9,22.8,956,0,1,birch,,,,
17.8,12,22.8,956,0,1,birch,,,,
16.2,12.2,22.8,956,0,1,birch,,,,
21.2,12.2,22.8,956,0,1,birch,,,,
17.6,12.3,22.8,956,0,1,birch,,,,
12.3,12.4,22.8,956,0,1,birch,,,,
19,12.4,22.8,956,0,1,birch,,,,
16.3,12.6,22.8,956,0,1,birch,,,,
14.6,12.7,22.8,956,0,1,birch,,,,
9.6,12.9,22.8,956,0,1,birch,,,,
20.8,12.9,22.8,956,0,1,birch,,,,
14.7,13,22.8,956,0,1,birch,,,,
18.3,13.2,22.8,956,0,1,birch,,,,
16.4,13.4,22.8,956,0,1,birch,,,,
14.3,13.5,22.8,956,0,1,birch,,,,
23.4,13.8,22.8,956,0,1,birch,,,,
27.3,13.9,22.8,956,0,1,birch,,,,
20.8,14.1,22.8,956,0,1,birch,,,,
19,14.6,22.8,956,0,1,birch,,,,
22.9,14.7,22.8,956,0,1,birch,,,,
17.2,15.1,22.8,956,0,1,birch,,,,
10.4,15.3,22.8,956,0,1,birch,,,,
13.5,15.4,22.8,956,0,1,birch,,,,
12.5,17.3,22.8,956,0,1,birch,,,,
16.5,18.1,22.8,956,0,1,birch,,,,
16.2,18.4,22.8,956,0,1,birch,,,,
19.6,18.8,22.8,956,0,1,birch,,,,
15.8,19,22.8,956,0,1,birch,,,,
9.9,19.9,22.8,956,0,1,birch,,,,
13.2,20.7,22.8,956,0,1,birch,,,,
14.5,23.4,22.8,956,0,1,birch,,,,
5.1,2.8,15.4,967,0,1,birch,,,,
7.6,3.7,15.4,967,0,1,birch,,,,
5.8,4.4,15.4,967,0,1,birch,,,,
6.2,5.1,15.4,967,0,1,birch,,,,
6.4,5.2,21.2,967,0,1,birch,,,,
7,5.3,21.2,967,0,1,birch,,,,
10.8,5.9,15.4,967,0,1,birch,,,,
6.5,6,21.2,967,0,1,birch,,,,
10.8,6.4,15.4,967,0,1,birch,,,,
7.1,6.6,15.4,967,0,1,birch,,,,
11,6.6,15.4,967,0,1,birch,,,,
11.7,6.6,15.4,967,0,1,birch,,,,
10,7,15.4,967,0,1,birch,,,,
9.9,7.1,21.2,967,0,1,birch,,,,
6.6,7.2,15.4,967,0,1,birch,,,,
9.8,7.2,15.4,967,0,1,birch,,,,
15.4,7.3,15.4,967,0,1,birch,,,,
6.8,7.4,15.4,967,0,1,birch,,,,
7.6,7.7,15.4,967,0,1,birch,,,,
7,7.8,15.4,967,0,1,birch,,,,
18.9,7.8,15.4,967,0,1,birch,,,,
22.8,7.9,15.4,967,0,1,birch,,,,
28.2,7.9,15.4,967,0,1,birch,,,,
19.6,8.3,15.4,967,0,1,birch,,,,
6.9,8.4,15.4,967,0,1,birch,,,,
11.7,8.4,21.2,967,0,1,birch,,,,
8.7,8.5,15.4,967,0,1,birch,,,,
12.6,8.5,21.2,967,0,1,birch,,,,
15.6,8.6,15.4,967,0,1,birch,,,,
13.1,8.8,15.4,967,0,1,birch,,,,
21.3,8.8,15.4,967,0,1,birch,,,,
13.5,9.1,15.4,967,0,1,birch,,,,
18.4,9.2,15.4,967,0,1,birch,,,,
10,9.3,15.4,967,0,1,birch,,,,
10.7,9.4,15.4,967,0,1,birch,,,,
13.3,9.6,15.4,967,0,1,birch,,,,
15.9,9.6,15.4,967,0,1,birch,,,,
21.5,9.8,15.4,967,0,1,birch,,,,
12.4,9.9,15.4,967,0,1,birch,,,,
15,9.9,15.4,967,0,1,birch,,,,
15.8,9.9,15.4,967,0,1,birch,,,,
22.2,9.9,15.4,967,0,1,birch,,,,
11.2,10.2,15.4,967,0,1,birch,,,,
17.1,10.2,15.4,967,0,1,birch,,,,
24.7,10.2,15.4,967,0,1,birch,,,,
24.8,10.2,15.4,967,0,1,birch,,,,
17.4,10.3,15.4,967,0,1,birch,,,,
27.3,10.4,15.4,967,0,1,birch,,,,
17.4,10.5,15.4,967,0,1,birch,,,,
20.6,10.5,15.4,967,0,1,birch,,,,
15.8,10.6,15.4,967,0,1,birch,,,,
22,10.8,21.2,967,0,1,birch,,,,
23.1,10.8,15.4,967,0,1,birch,,,,
25.3,10.8,15.4,967,0,1,birch,,,,
25.4,10.8,15.4,967,0,1,birch,,,,
11.8,10.9,15.4,967,0,1,birch,,,,
24.4,10.9,15.4,967,0,1,birch,,,,
22.8,11.1,15.4,967,0,1,birch,,,,
15.6,11.2,15.4,967,0,1,birch,,,,
23.2,11.3,15.4,967,0,1,birch,,,,
15,11.4,21.2,967,0,1,birch,,,,
16.4,11.4,15.4,967,0,1,birch,,,,
30.8,11.7,15.4,967,0,1,birch,,,,
15.3,11.8,15.4,967,0,1,birch,,,,
18.4,11.9,15.4,967,0,1,birch,,,,
22.6,11.9,15.4,967,0,1,birch,,,,
18.4,12.2,15.4,967,0,1,birch,,,,
15.7,12.4,15.4,967,0,1,birch,,,,
23.4,12.4,21.2,967,0,1,birch,,,,
24.6,12.5,15.4,967,0,1,birch,,,,
26,12.5,15.4,967,0,1,birch,,,,
17.4,12.9,15.4,967,0,1,birch,,,,
23.8,13.1,15.4,967,0,1,birch,,,,
26,13.1,15.4,967,0,1,birch,,,,
24.5,13.2,15.4,967,0,1,birch,,,,
27.6,13.3,15.4,967,0,1,birch,,,,
20.3,13.4,15.4,967,0,1,birch,,,,
26.2,13.4,15.4,967,0,1,birch,,,,
13.6,13.6,15.4,967,0,1,birch,,,,
22.5,13.7,15.4,967,0,1,birch,,,,
23,13.8,15.4,967,0,1,birch,,,,
24.5,14,15.4,967,0,1,birch,,,,
27.1,14,15.4,967,0,1,birch,,,,
23.5,14.1,15.4,967,0,1,birch,,,,
27.3,14.1,15.4,967,0,1,birch,,,,
14.8,14.2,21.2,967,0,1,birch,,,,
20.1,14.2,15.4,967,0,1,birch,,,,
24.1,14.2,15.4,967,0,1,birch,,,,
14.3,14.3,21.2,967,0,1,birch,,,,
26.9,14.3,15.4,967,0,1,birch,,,,
16.4,14.5,15.4,967,0,1,birch,,,,
32.5,14.5,15.4,967,0,1,birch,,,,
25.7,14.6,15.4,967,0,1,birch,,,,
24,14.7,15.4,967,0,1,birch,,,,
18,14.9,15.4,967,0,1,birch,,,,
17.7,15.5,21.2,967,0,1,birch,,,,
27.8,16.2,15.4,967,0,1,birch,,,,
19.8,16.7,15.4,967,0,1,birch,,,,
22.9,16.9,21.2,967,0,1,birch,,,,
26.6,18.9,21.2,967,0,1,birch,,,,
31.7,19.7,21.2,967,0,1,birch,,,,
3.8,2.3,15.7,1022,0,1,birch,,,,
4.2,2.4,15.7,1022,0,1,birch,,,,
3.5,3.6,15.7,1022,0,1,birch,,,,
6.8,3.7,15.7,1022,0,1,birch,,,,
6.3,3.9,15.7,1022,0,1,birch,,,,
4.6,4.3,15.7,1022,0,1,birch,,,,
6,4.4,15.7,1022,0,1,birch,,,,
6.1,4.5,15.7,1022,0,1,birch,,,,
7.3,4.5,15.7,1022,0,1,birch,,,,
9,5.2,15.7,1022,0,1,birch,,,,
6.8,5.8,15.7,1022,0,1,birch,,,,
8.1,5.9,15.7,1022,0,1,birch,,,,
6.1,6.2,15.7,1022,0,1,birch,,,,
8.4,6.7,15.7,1022,0,1,birch,,,,
14.1,6.8,15.7,1022,0,1,birch,,,,
11,7.7,15.7,1022,0,1,birch,,,,
8.6,7.8,15.7,1022,0,1,birch,,,,
12.8,7.8,15.7,1022,0,1,birch,,,,
16.1,8.1,15.7,1022,0,1,birch,,,,
13.1,8.2,15.7,1022,0,1,birch,,,,
14.8,8.2,15.7,1022,0,1,birch,,,,
22.2,8.4,14.8,1022,0,1,birch,,,,
9.6,8.5,15.7,1022,0,1,birch,,,,
17.5,8.5,15.7,1022,0,1,birch,,,,
9.8,8.6,15.7,1022,0,1,birch,,,,
12.3,8.6,15.7,1022,0,1,birch,,,,
6.5,8.7,15.7,1022,0,1,birch,,,,
14.4,8.7,15.7,1022,0,1,birch,,,,
18.4,8.8,15.7,1022,0,1,birch,,,,
10.5,8.9,15.7,1022,0,1,birch,,,,
11.9,9,15.7,1022,0,1,birch,,,,
13.4,9,15.7,1022,0,1,birch,,,,
8.1,9.4,15.7,1022,0,1,birch,,,,
12,9.6,15.7,1022,0,1,birch,,,,
14.4,10,15.7,1022,0,1,birch,,,,
11.5,10.5,15.7,1022,0,1,birch,,,,
17.6,10.5,15.7,1022,0,1,birch,,,,
18.6,10.5,15.7,1022,0,1,birch,,,,
16,10.6,15.7,1022,0,1,birch,,,,
18.2,10.7,14.8,1022,0,1,birch,,,,
13.3,10.8,15.7,1022,0,1,birch,,,,
19.8,10.8,15.7,1022,0,1,birch,,,,
16.5,11.4,15.7,1022,0,1,birch,,,,
17.9,11.4,15.7,1022,0,1,birch,,,,
29.8,11.8,15.7,1022,0,1,birch,,,,
18.9,11.9,15.7,1022,0,1,birch,,,,
23.1,11.9,15.7,1022,0,1,birch,,,,
24.7,11.9,15.7,1022,0,1,birch,,,,
32.1,11.9,15.7,1022,0,1,birch,,,,
29.6,12,14.8,1022,0,1,birch,,,,
10.5,12.1,15.7,1022,0,1,birch,,,,
14.2,12.1,15.7,1022,0,1,birch,,,,
18.2,12.2,15.7,1022,0,1,birch,,,,
22,12.2,15.7,1022,0,1,birch,,,,
28.9,12.2,14.8,1022,0,1,birch,,,,
16.9,12.3,15.7,1022,0,1,birch,,,,
24.5,12.4,15.7,1022,0,1,birch,,,,
14.9,12.5,15.7,1022,0,1,birch,,,,
12.4,12.7,15.7,1022,0,1,birch,,,,
23.8,12.7,15.7,1022,0,1,birch,,,,
21.7,13.4,15.7,1022,0,1,birch,,,,
23.6,13.4,15.7,1022,0,1,birch,,,,
13.7,13.7,15.7,1022,0,1,birch,,,,
16.2,13.9,15.7,1022,0,1,birch,,,,
9.8,14,15.7,1022,0,1,birch,,,,
22.7,14,15.7,1022,0,1,birch,,,,
26.8,14,15.7,1022,0,1,birch,,,,
16.7,14.3,15.7,1022,0,1,birch,,,,
31.2,14.3,15.7,1022,0,1,birch,,,,
25.1,14.5,15.7,1022,0,1,birch,,,,
20.7,14.7,14.8,1022,0,1,birch,,,,
33.1,14.8,15.7,1022,0,1,birch,,,,
26.3,14.9,15.7,1022,0,1,birch,,,,
25.3,15,15.7,1022,0,1,birch,,,,
22.5,15.2,15.7,1022,0,1,birch,,,,
25.6,15.3,15.7,1022,0,1,birch,,,,
28.5,15.3,15.7,1022,0,1,birch,,,,
39.2,15.3,14.8,1022,0,1,birch,,,,
28.6,15.4,15.7,1022,0,1,birch,,,,
23.5,15.9,15.7,1022,0,1,birch,,,,
18.5,16.4,15.7,1022,0,1,birch,,,,
3.1,2.2,15.4,1033,0,1,birch,,,,
5.2,2.6,15.4,1033,0,1,birch,,,,
5.9,2.6,15.4,1033,0,1,birch,,,,
3.6,2.8,15.4,1033,0,1,birch,,,,
8.8,4.5,15.4,1033,0,1,birch,,,,
9.5,4.7,15.4,1033,0,1,birch,,,,
4.3,4.9,15.4,1033,0,1,birch,,,,
7.4,5.6,15.4,1033,0,1,birch,,,,
8.9,5.6,15.4,1033,0,1,birch,,,,
6,5.7,15.4,1033,0,1,birch,,,,
6.6,6,15.4,1033,0,1,birch,,,,
8.9,6,15.4,1033,0,1,birch,,,,
8.8,6.1,15.4,1033,0,1,birch,,,,
15.4,6.2,15.4,1033,0,1,birch,,,,
8.6,6.4,15.4,1033,0,1,birch,,,,
10,6.6,15.4,1033,0,1,birch,,,,
5.6,6.7,15.4,1033,0,1,birch,,,,
7,6.8,15.4,1033,0,1,birch,,,,
8.3,6.8,15.4,1033,0,1,birch,,,,
14.6,6.8,15.4,1033,0,1,birch,,,,
10.4,7.1,15.4,1033,0,1,birch,,,,
16.1,7.1,15.4,1033,0,1,birch,,,,
10.2,7.2,15.4,1033,0,1,birch,,,,
12.1,7.2,15.4,1033,0,1,birch,,,,
14.7,7.3,15.4,1033,0,1,birch,,,,
15.4,7.3,15.4,1033,0,1,birch,,,,
23,7.6,15.4,1033,0,1,birch,,,,
13.1,7.7,15.4,1033,0,1,birch,,,,
9.4,7.9,15.4,1033,0,1,birch,,,,
11.1,8,15.4,1033,0,1,birch,,,,
11.3,8.4,15.4,1033,0,1,birch,,,,
18.4,8.4,15.4,1033,0,1,birch,,,,
8.2,8.5,15.4,1033,0,1,birch,,,,
15.5,8.6,15.4,1033,0,1,birch,,,,
20.7,8.6,15.4,1033,0,1,birch,,,,
10.3,8.7,15.4,1033,0,1,birch,,,,
14.8,8.7,15.4,1033,0,1,birch,,,,
15.1,8.7,15.4,1033,0,1,birch,,,,
15.2,8.7,15.4,1033,0,1,birch,,,,
11,8.9,15.4,1033,0,1,birch,,,,
12.8,9.2,15.4,1033,0,1,birch,,,,
13.6,9.2,15.4,1033,0,1,birch,,,,
4.5,9.5,15.4,1033,0,1,birch,,,,
12,9.5,15.4,1033,0,1,birch,,,,
7.2,9.7,15.4,1033,0,1,birch,,,,
11.1,9.7,15.4,1033,0,1,birch,,,,
16.1,9.8,15.4,1033,0,1,birch,,,,
17.9,9.9,15.4,1033,0,1,birch,,,,
21.4,9.9,15.4,1033,0,1,birch,,,,
13.1,10,15.4,1033,0,1,birch,,,,
10.4,10.2,15.4,1033,0,1,birch,,,,
16.4,10.2,15.4,1033,0,1,birch,,,,
16.2,10.3,15.4,1033,0,1,birch,,,,
17,10.6,15.4,1033,0,1,birch,,,,
17.4,10.6,15.4,1033,0,1,birch,,,,
32,10.6,15.4,1033,0,1,birch,,,,
20.9,10.7,15.4,1033,0,1,birch,,,,
32.5,10.8,15.4,1033,0,1,birch,,,,
15.9,10.9,15.4,1033,0,1,birch,,,,
19.5,10.9,15.4,1033,0,1,birch,,,,
22.5,10.9,15.4,1033,0,1,birch,,,,
14.4,11.2,15.4,1033,0,1,birch,,,,
19.4,11.3,15.4,1033,0,1,birch,,,,
24.4,11.3,15.4,1033,0,1,birch,,,,
19.2,11.4,15.4,1033,0,1,birch,,,,
7.7,11.6,15.4,1033,0,1,birch,,,,
15.4,11.8,15.4,1033,0,1,birch,,,,
23.3,12,15.4,1033,0,1,birch,,,,
16.7,12.1,15.4,1033,0,1,birch,,,,
25.3,12.1,15.4,1033,0,1,birch,,,,
26.5,12.2,15.4,1033,0,1,birch,,,,
10.5,12.3,15.4,1033,0,1,birch,,,,
19.1,12.4,15.4,1033,0,1,birch,,,,
14.7,12.5,15.4,1033,0,1,birch,,,,
27.7,12.5,15.4,1033,0,1,birch,,,,
22.8,12.7,15.4,1033,0,1,birch,,,,
8.5,12.9,15.4,1033,0,1,birch,,,,
11.8,13.2,15.4,1033,0,1,birch,,,,
16.4,13.2,15.4,1033,0,1,birch,,,,
17.4,13.2,15.4,1033,0,1,birch,,,,
23,13.2,15.4,1033,0,1,birch,,,,
18.2,13.3,15.4,1033,0,1,birch,,,,
18.1,13.4,15.4,1033,0,1,birch,,,,
7,13.5,15.4,1033,0,1,birch,,,,
13.4,13.7,15.4,1033,0,1,birch,,,,
16.4,13.8,15.4,1033,0,1,birch,,,,
16.8,13.9,15.4,1033,0,1,birch,,,,
20,14,15.4,1033,0,1,birch,,,,
19.4,14.3,15.4,1033,0,1,birch,,,,
21.4,14.9,15.4,1033,0,1,birch,,,,
22.2,15.6,15.4,1033,0,1,birch,,,,
23.9,18.1,15.4,1033,0,1,birch,,,,
6.7,2.8,16.7,1067,0,1,birch,,,,
5.2,3.5,16.7,1067,0,1,birch,,,,
5.4,4.6,16.7,1067,0,1,birch,,,,
6.7,4.6,16.7,1067,0,1,birch,,,,
5.9,5.2,16.7,1067,0,1,birch,,,,
5.1,6.3,16.7,1067,0,1,birch,,,,
7.2,6.8,16.7,1067,0,1,birch,,,,
5.8,6.9,16.7,1067,0,1,birch,,,,
12.7,7.1,16.7,1067,0,1,birch,,,,
6.7,7.3,16.7,1067,0,1,birch,,,,
7,7.3,16.7,1067,0,1,birch,,,,
8.4,7.3,16.7,1067,0,1,birch,,,,
7.3,7.4,16.7,1067,0,1,birch,,,,
11.1,7.5,16.7,1067,0,1,birch,,,,
9.5,7.8,16.7,1067,0,1,birch,,,,
8,7.9,16.7,1067,0,1,birch,,,,
9.8,7.9,16.7,1067,0,1,birch,,,,
13.6,7.9,16.7,1067,0,1,birch,,,,
7.8,8.1,16.7,1067,0,1,birch,,,,
9.3,8.1,16.7,1067,0,1,birch,,,,
10.1,8.2,15.1,1067,0,1,birch,,,,
17.5,8.4,16.7,1067,0,1,birch,,,,
10.5,8.7,16.7,1067,0,1,birch,,,,
9.8,8.8,15.1,1067,0,1,birch,,,,
13.5,8.8,15.1,1067,0,1,birch,,,,
11.1,9,16.7,1067,0,1,birch,,,,
10.8,9.3,16.7,1067,0,1,birch,,,,
13.6,9.3,16.7,1067,0,1,birch,,,,
10.9,9.4,16.7,1067,0,1,birch,,,,
20.7,9.4,16.7,1067,0,1,birch,,,,
14.4,9.5,15.1,1067,0,1,birch,,,,
20,9.6,16.7,1067,0,1,birch,,,,
19.7,9.8,16.7,1067,0,1,birch,,,,
13.3,9.9,16.7,1067,0,1,birch,,,,
18.5,10.1,16.7,1067,0,1,birch,,,,
22.4,10.1,15.1,1067,0,1,birch,,,,
19.8,10.3,16.7,1067,0,1,birch,,,,
13.3,10.4,16.7,1067,0,1,birch,,,,
15.4,10.5,15.1,1067,0,1,birch,,,,
11.7,10.6,15.1,1067,0,1,birch,,,,
18.3,10.7,16.7,1067,0,1,birch,,,,
9.3,10.9,16.7,1067,0,1,birch,,,,
11.8,10.9,16.7,1067,0,1,birch,,,,
16.1,10.9,15.1,1067,0,1,birch,,,,
24,10.9,16.7,1067,0,1,birch,,,,
9.5,11.1,16.7,1067,0,1,birch,,,,
26,11.1,16.7,1067,0,1,birch,,,,
10.7,11.3,15.1,1067,0,1,birch,,,,
15.1,11.4,15.1,1067,0,1,birch,,,,
16.9,11.4,15.1,1067,0,1,birch,,,,
23.4,11.4,16.7,1067,0,1,birch,,,,
16.2,11.5,16.7,1067,0,1,birch,,,,
24.7,11.5,16.7,1067,0,1,birch,,,,
24,11.6,16.7,1067,0,1,birch,,,,
23.4,12,16.7,1067,0,1,birch,,,,
20.6,12.1,16.7,1067,0,1,birch,,,,
20.6,12.1,16.7,1067,0,1,birch,,,,
15.3,12.4,16.7,1067,0,1,birch,,,,
18.3,12.4,16.7,1067,0,1,birch,,,,
19.6,12.4,16.7,1067,0,1,birch,,,,
21,12.4,16.7,1067,0,1,birch,,,,
23.6,12.4,16.7,1067,0,1,birch,,,,
15.2,12.5,16.7,1067,0,1,birch,,,,
10,12.6,16.7,1067,0,1,birch,,,,
12.4,12.6,16.7,1067,0,1,birch,,,,
15.4,12.6,16.7,1067,0,1,birch,,,,
19,12.6,16.7,1067,0,1,birch,,,,
26,12.7,16.7,1067,0,1,birch,,,,
10.5,12.8,16.7,1067,0,1,birch,,,,
11.2,12.8,15.1,1067,0,1,birch,,,,
15.7,13,16.7,1067,0,1,birch,,,,
25.4,13,16.7,1067,0,1,birch,,,,
18.1,13.1,16.7,1067,0,1,birch,,,,
20.5,13.1,16.7,1067,0,1,birch,,,,
20.2,13.2,16.7,1067,0,1,birch,,,,
24.3,13.3,16.7,1067,0,1,birch,,,,
27.2,13.3,16.7,1067,0,1,birch,,,,
15.4,13.4,16.7,1067,0,1,birch,,,,
13.3,13.6,16.7,1067,0,1,birch,,,,
15.4,13.6,16.7,1067,0,1,birch,,,,
18.8,13.7,16.7,1067,0,1,birch,,,,
21.2,13.7,16.7,1067,0,1,birch,,,,
15.8,13.8,16.7,1067,0,1,birch,,,,
23.1,13.9,16.7,1067,0,1,birch,,,,
27.2,13.9,16.7,1067,0,1,birch,,,,
19.4,14.2,16.7,1067,0,1,birch,,,,
24.8,14.2,16.7,1067,0,1,birch,,,,
27.2,14.3,16.7,1067,0,1,birch,,,,
16.1,14.4,16.7,1067,0,1,birch,,,,
17,14.6,16.7,1067,0,1,birch,,,,
17.2,14.6,16.7,1067,0,1,birch,,,,
20.9,14.8,16.7,1067,0,1,birch,,,,
21.3,14.8,16.7,1067,0,1,birch,,,,
19.4,14.9,16.7,1067,0,1,birch,,,,
22.7,14.9,16.7,1067,0,1,birch,,,,
16.2,15.3,16.7,1067,0,1,birch,,,,
11.4,15.4,16.7,1067,0,1,birch,,,,
22.3,15.5,16.7,1067,0,1,birch,,,,
18.1,15.6,16.7,1067,0,1,birch,,,,
18.2,15.6,16.7,1067,0,1,birch,,,,
24.2,15.6,16.7,1067,0,1,birch,,,,
8,15.8,16.7,1067,0,1,birch,,,,
20.5,15.9,16.7,1067,0,1,birch,,,,
21.6,16,16.7,1067,0,1,birch,,,,
22.5,16.3,16.7,1067,0,1,birch,,,,
19.5,17.2,16.7,1067,0,1,birch,,,,
25.6,17.9,16.7,1067,0,1,birch,,,,
3.6,2.4,14.9,1222,0,1,birch,,,,
6,2.5,14.9,1222,0,1,birch,,,,
2.4,2.7,14.9,1222,0,1,birch,,,,
3.8,2.8,14.9,1222,0,1,birch,,,,
5.5,3.1,14.9,1222,0,1,birch,,,,
3.4,3.3,14.9,1222,0,1,birch,,,,
4.8,3.3,14.9,1222,0,1,birch,,,,
4.9,3.3,14.9,1222,0,1,birch,,,,
5,3.5,14.9,1222,0,1,birch,,,,
4,3.6,14.9,1222,0,1,birch,,,,
8.7,3.9,14.9,1222,0,1,birch,,,,
5.4,4.1,14.9,1222,0,1,birch,,,,
6.8,4.2,14.9,1222,0,1,birch,,,,
6.1,4.4,14.9,1222,0,1,birch,,,,
3.9,4.5,14.9,1222,0,1,birch,,,,
10.3,4.5,14.9,1222,0,1,birch,,,,
6.2,4.7,14.9,1222,0,1,birch,,,,
8.3,4.8,14.9,1222,0,1,birch,,,,
6.2,4.9,14.9,1222,0,1,birch,,,,
4.4,5,14.9,1222,0,1,birch,,,,
9.2,5.4,14.9,1222,0,1,birch,,,,
8.3,5.6,14.9,1222,0,1,birch,,,,
4.3,5.7,14.9,1222,0,1,birch,,,,
9.7,5.8,14.9,1222,0,1,birch,,,,
12.8,6.2,14.9,1222,0,1,birch,,,,
14.3,6.2,14.9,1222,0,1,birch,,,,
9.9,7.2,14.9,1222,0,1,birch,,,,
8.5,7.3,14.9,1222,0,1,birch,,,,
10.4,7.9,14.9,1222,0,1,birch,,,,
9.4,8.1,14.9,1222,0,1,birch,,,,
12.1,8.1,14.9,1222,0,1,birch,,,,
12.3,8.2,14.9,1222,0,1,birch,,,,
10,8.3,14.9,1222,0,1,birch,,,,
15.2,8.4,14.9,1222,0,1,birch,,,,
21.3,8.8,14.9,1222,0,1,birch,,,,
10.9,9.1,14.9,1222,0,1,birch,,,,
23.9,9.1,14.9,1222,0,1,birch,,,,
10.1,9.2,14.9,1222,0,1,birch,,,,
10.6,9.2,14.9,1222,0,1,birch,,,,
12.7,9.2,14.9,1222,0,1,birch,,,,
14.5,9.2,14.9,1222,0,1,birch,,,,
12.8,9.3,14.9,1222,0,1,birch,,,,
12.5,9.4,14.9,1222,0,1,birch,,,,
13.6,9.4,14.9,1222,0,1,birch,,,,
16.3,9.4,14.9,1222,0,1,birch,,,,
18.7,9.5,14.9,1222,0,1,birch,,,,
9.4,9.6,14.9,1222,0,1,birch,,,,
21.3,9.6,14.9,1222,0,1,birch,,,,
14.5,9.7,14.9,1222,0,1,birch,,,,
14.7,9.7,14.9,1222,0,1,birch,,,,
15.3,9.7,14.9,1222,0,1,birch,,,,
11.3,9.8,14.9,1222,0,1,birch,,,,
14.9,9.8,14.9,1222,0,1,birch,,,,
18.6,9.8,14.9,1222,0,1,birch,,,,
17.3,10,14.9,1222,0,1,birch,,,,
21.8,10,14.9,1222,0,1,birch,,,,
14.8,10.2,14.9,1222,0,1,birch,,,,
21,10.3,14.9,1222,0,1,birch,,,,
13.3,10.4,14.9,1222,0,1,birch,,,,
14.5,10.5,14.9,1222,0,1,birch,,,,
16.4,10.6,14.9,1222,0,1,birch,,,,
24.7,10.6,14.9,1222,0,1,birch,,,,
11.9,10.7,14.9,1222,0,1,birch,,,,
15.5,10.7,14.9,1222,0,1,birch,,,,
19.7,10.7,14.9,1222,0,1,birch,,,,
12.3,10.8,14.9,1222,0,1,birch,,,,
18,10.8,14.9,1222,0,1,birch,,,,
20.4,10.8,14.9,1222,0,1,birch,,,,
13.4,11,14.9,1222,0,1,birch,,,,
16.3,11.1,14.9,1222,0,1,birch,,,,
11.6,11.2,14.9,1222,0,1,birch,,,,
18.9,11.3,14.9,1222,0,1,birch,,,,
14.9,11.4,14.9,1222,0,1,birch,,,,
17.2,11.6,14.9,1222,0,1,birch,,,,
16,11.7,14.9,1222,0,1,birch,,,,
20.5,11.7,14.9,1222,0,1,birch,,,,
19.5,11.8,14.9,1222,0,1,birch,,,,
18.5,12,14.9,1222,0,1,birch,,,,
24.6,12,14.9,1222,0,1,birch,,,,
14.8,12.1,14.9,1222,0,1,birch,,,,
26.7,12.2,14.9,1222,0,1,birch,,,,
15.6,12.3,14.9,1222,0,1,birch,,,,
17.7,12.4,14.9,1222,0,1,birch,,,,
18.4,12.4,14.9,1222,0,1,birch,,,,
22.8,12.5,14.9,1222,0,1,birch,,,,
27.4,12.5,14.9,1222,0,1,birch,,,,
17.7,12.6,14.9,1222,0,1,birch,,,,
22,12.7,14.9,1222,0,1,birch,,,,
17.2,12.8,14.9,1222,0,1,birch,,,,
21.6,12.8,14.9,1222,0,1,birch,,,,
23.6,12.8,14.9,1222,0,1,birch,,,,
24.2,12.8,14.9,1222,0,1,birch,,,,
20,12.9,14.9,1222,0,1,birch,,,,
15.6,13,14.9,1222,0,1,birch,,,,
16.5,13,14.9,1222,0,1,birch,,,,
24.1,13,14.9,1222,0,1,birch,,,,
19,13.1,14.9,1222,0,1,birch,,,,
14.3,13.2,14.9,1222,0,1,birch,,,,
21,13.4,14.9,1222,0,1,birch,,,,
23,13.4,14.9,1222,0,1,birch,,,,
18,13.5,14.9,1222,0,1,birch,,,,
20.2,13.6,14.9,1222,0,1,birch,,,,
23.1,13.7,14.9,1222,0,1,birch,,,,
16.9,13.9,14.9,1222,0,1,birch,,,,
22.3,14.2,14.9,1222,0,1,birch,,,,
21.4,14.3,14.9,1222,0,1,birch,,,,
26.9,14.4,14.9,1222,0,1,birch,,,,
25.2,15,14.9,1222,0,1,birch,,,,
17.6,15.3,14.9,1222,0,1,birch,,,,
17.6,15.4,14.9,1222,0,1,birch,,,,
8.9,8.2,16.5,1356,0,1,birch,,,,
10.7,9.4,16.5,1356,0,1,birch,,,,
9.9,9.5,16.5,1356,0,1,birch,,,,
13.4,12.7,16.5,1356,0,1,birch,,,,
19.3,13.4,16.5,1356,0,1,birch,,,,
18.4,13.9,16.5,1356,0,1,birch,,,,
16.1,14,16.5,1356,0,1,birch,,,,
13.4,14.8,16.5,1356,0,1,birch,,,,
18.3,16.5,16.5,1356,0,1,birch,,,,
6.7,2.8,17.1,1411,0,1,birch,,,,
6.1,4.1,17.1,1411,0,1,birch,,,,
5,4.7,17.1,1411,0,1,birch,,,,
6.2,6.6,17.1,1411,0,1,birch,,,,
8,6.6,17.1,1411,0,1,birch,,,,
8.9,6.6,17.1,1411,0,1,birch,,,,
8,6.7,17.1,1411,0,1,birch,,,,
6.7,6.8,17.1,1411,0,1,birch,,,,
8.4,7.7,17.1,1411,0,1,birch,,,,
8.8,7.8,17.1,1411,0,1,birch,,,,
22.2,7.8,17.1,1411,0,1,birch,,,,
15.7,7.9,17.1,1411,0,1,birch,,,,
8,8,17.1,1411,0,1,birch,,,,
7.9,8.1,17.1,1411,0,1,birch,,,,
8.3,8.1,17.1,1411,0,1,birch,,,,
15.6,8.2,17.1,1411,0,1,birch,,,,
7.1,8.5,17.1,1411,0,1,birch,,,,
10.5,8.5,17.1,1411,0,1,birch,,,,
11.1,8.5,17.1,1411,0,1,birch,,,,
9.3,8.6,17.1,1411,0,1,birch,,,,
10.7,8.6,17.1,1411,0,1,birch,,,,
6.5,8.7,17.1,1411,0,1,birch,,,,
8.2,8.7,17.1,1411,0,1,birch,,,,
7.4,9,17.1,1411,0,1,birch,,,,
9,9,17.1,1411,0,1,birch,,,,
13.3,9.1,17.1,1411,0,1,birch,,,,
9.7,9.2,17.1,1411,0,1,birch,,,,
7.2,9.3,17.1,1411,0,1,birch,,,,
5.6,9.5,17.1,1411,0,1,birch,,,,
15,9.5,17.1,1411,0,1,birch,,,,
7,9.6,17.1,1411,0,1,birch,,,,
11.2,9.6,17.1,1411,0,1,birch,,,,
7,9.7,17.1,1411,0,1,birch,,,,
8.3,9.7,17.1,1411,0,1,birch,,,,
8.5,9.7,17.1,1411,0,1,birch,,,,
8.5,9.7,17.1,1411,0,1,birch,,,,
9.5,9.7,17.1,1411,0,1,birch,,,,
10.7,9.7,17.1,1411,0,1,birch,,,,
7.5,9.8,17.1,1411,0,1,birch,,,,
10.5,9.8,17.1,1411,0,1,birch,,,,
7.4,9.9,17.1,1411,0,1,birch,,,,
10.5,9.9,17.1,1411,0,1,birch,,,,
13,9.9,17.1,1411,0,1,birch,,,,
12,10.1,17.1,1411,0,1,birch,,,,
15.5,10.1,17.1,1411,0,1,birch,,,,
17.1,10.1,17.1,1411,0,1,birch,,,,
6.8,10.3,17.1,1411,0,1,birch,,,,
10.3,10.3,17.1,1411,0,1,birch,,,,
14.5,10.4,17.1,1411,0,1,birch,,,,
16.1,10.4,17.1,1411,0,1,birch,,,,
12.6,10.5,17.1,1411,0,1,birch,,,,
12,10.8,17.1,1411,0,1,birch,,,,
15.8,10.9,17.1,1411,0,1,birch,,,,
13.7,11,17.1,1411,0,1,birch,,,,
18.5,11,17.1,1411,0,1,birch,,,,
14.5,11.1,17.1,1411,0,1,birch,,,,
15.2,11.1,17.1,1411,0,1,birch,,,,
18.5,11.1,17.1,1411,0,1,birch,,,,
9,11.2,17.1,1411,0,1,birch,,,,
13,11.2,17.1,1411,0,1,birch,,,,
15,11.2,17.1,1411,0,1,birch,,,,
7.5,11.4,17.1,1411,0,1,birch,,,,
14.6,11.4,17.1,1411,0,1,birch,,,,
15.2,11.4,17.1,1411,0,1,birch,,,,
9.2,11.5,17.1,1411,0,1,birch,,,,
15.3,11.6,17.1,1411,0,1,birch,,,,
11.1,11.7,17.1,1411,0,1,birch,,,,
16.7,11.7,17.1,1411,0,1,birch,,,,
13.2,11.8,17.1,1411,0,1,birch,,,,
18.4,11.8,17.1,1411,0,1,birch,,,,
20,12,17.1,1411,0,1,birch,,,,
16.1,12.1,17.1,1411,0,1,birch,,,,
10.2,12.2,17.1,1411,0,1,birch,,,,
13.3,12.2,17.1,1411,0,1,birch,,,,
17,12.2,17.1,1411,0,1,birch,,,,
18.2,12.2,17.1,1411,0,1,birch,,,,
15.2,12.3,17.1,1411,0,1,birch,,,,
23.4,12.3,17.1,1411,0,1,birch,,,,
24.5,12.3,17.1,1411,0,1,birch,,,,
10.7,12.4,17.1,1411,0,1,birch,,,,
13,12.4,17.1,1411,0,1,birch,,,,
13.1,12.4,17.1,1411,0,1,birch,,,,
16.2,12.4,17.1,1411,0,1,birch,,,,
19.7,12.4,17.1,1411,0,1,birch,,,,
20.2,12.5,17.1,1411,0,1,birch,,,,
25.5,12.5,17.1,1411,0,1,birch,,,,
13.6,12.7,17.1,1411,0,1,birch,,,,
14.4,12.7,17.1,1411,0,1,birch,,,,
15.2,12.7,17.1,1411,0,1,birch,,,,
14.5,12.8,17.1,1411,0,1,birch,,,,
12.8,12.9,17.1,1411,0,1,birch,,,,
21.9,12.9,17.1,1411,0,1,birch,,,,
23,13,17.1,1411,0,1,birch,,,,
12.1,13.1,17.1,1411,0,1,birch,,,,
16.2,13.1,17.1,1411,0,1,birch,,,,
18,13.1,17.1,1411,0,1,birch,,,,
18.4,13.1,17.1,1411,0,1,birch,,,,
11.2,13.2,17.1,1411,0,1,birch,,,,
15.3,13.3,17.1,1411,0,1,birch,,,,
15.5,13.4,17.1,1411,0,1,birch,,,,
18,13.4,17.1,1411,0,1,birch,,,,
25.1,13.4,17.1,1411,0,1,birch,,,,
15.9,13.5,17.1,1411,0,1,birch,,,,
23.1,13.5,17.1,1411,0,1,birch,,,,
17,13.6,17.1,1411,0,1,birch,,,,
15.3,13.8,17.1,1411,0,1,birch,,,,
16.7,13.8,17.1,1411,0,1,birch,,,,
19.5,13.8,17.1,1411,0,1,birch,,,,
19.3,14,17.1,1411,0,1,birch,,,,
13.8,14.2,17.1,1411,0,1,birch,,,,
22.5,14.2,17.1,1411,0,1,birch,,,,
28.4,14.3,17.1,1411,0,1,birch,,,,
12.6,14.4,17.1,1411,0,1,birch,,,,
15.3,14.4,17.1,1411,0,1,birch,,,,
22.5,14.4,17.1,1411,0,1,birch,,,,
24,14.4,17.1,1411,0,1,birch,,,,
18.5,14.7,17.1,1411,0,1,birch,,,,
21.5,14.7,17.1,1411,0,1,birch,,,,
16.1,14.8,17.1,1411,0,1,birch,,,,
19.4,14.9,17.1,1411,0,1,birch,,,,
20.8,15,17.1,1411,0,1,birch,,,,
16,15.1,17.1,1411,0,1,birch,,,,
18,15.8,17.1,1411,0,1,birch,,,,
26.2,15.8,17.1,1411,0,1,birch,,,,
20.8,16,17.1,1411,0,1,birch,,,,
28.8,16.1,17.1,1411,0,1,birch,,,,
25.3,17.1,17.1,1411,0,1,birch,,,,
6.1,3.8,16.6,1467,0,1,birch,,,,
4.8,4.5,16.6,1467,0,1,birch,,,,
5.5,5.1,16.6,1467,0,1,birch,,,,
4.1,5.5,16.6,1467,0,1,birch,,,,
7.7,5.6,16.6,1467,0,1,birch,,,,
8.7,5.6,16.6,1467,0,1,birch,,,,
5.4,5.7,16.6,1467,0,1,birch,,,,
6.1,5.9,16.6,1467,0,1,birch,,,,
6.9,5.9,16.6,1467,0,1,birch,,,,
7.1,6.2,16.6,1467,0,1,birch,,,,
8.7,6.3,16.6,1467,0,1,birch,,,,
5.7,6.6,16.6,1467,0,1,birch,,,,
8.5,6.6,16.6,1467,0,1,birch,,,,
9.5,6.6,16.6,1467,0,1,birch,,,,
5.4,6.9,16.6,1467,0,1,birch,,,,
7.3,7,16.6,1467,0,1,birch,,,,
9.9,7,16.6,1467,0,1,birch,,,,
8.2,7.1,16.6,1467,0,1,birch,,,,
5.4,7.3,16.6,1467,0,1,birch,,,,
6.4,7.4,16.6,1467,0,1,birch,,,,
5.4,7.5,16.6,1467,0,1,birch,,,,
11.5,7.6,16.6,1467,0,1,birch,,,,
6.3,7.8,16.6,1467,0,1,birch,,,,
6.7,7.8,16.6,1467,0,1,birch,,,,
10.6,7.8,16.6,1467,0,1,birch,,,,
8.6,7.9,16.6,1467,0,1,birch,,,,
9.1,7.9,16.6,1467,0,1,birch,,,,
5.8,8,16.6,1467,0,1,birch,,,,
4.1,8.1,16.6,1467,0,1,birch,,,,
10,8.1,16.6,1467,0,1,birch,,,,
7.8,8.2,16.6,1467,0,1,birch,,,,
8.7,8.2,16.6,1467,0,1,birch,,,,
8.3,8.3,16.6,1467,0,1,birch,,,,
8.9,8.4,16.6,1467,0,1,birch,,,,
7.5,8.6,16.6,1467,0,1,birch,,,,
7.2,9.1,16.6,1467,0,1,birch,,,,
9.6,9.4,16.6,1467,0,1,birch,,,,
11.1,9.4,16.6,1467,0,1,birch,,,,
11.2,9.7,16.6,1467,0,1,birch,,,,
5.8,9.8,16.6,1467,0,1,birch,,,,
9.7,9.9,16.6,1467,0,1,birch,,,,
13.1,10.1,16.6,1467,0,1,birch,,,,
11.8,10.3,16.6,1467,0,1,birch,,,,
13.7,10.3,16.6,1467,0,1,birch,,,,
11.7,10.4,16.6,1467,0,1,birch,,,,
9.8,10.5,16.6,1467,0,1,birch,,,,
6.5,10.6,16.6,1467,0,1,birch,,,,
12.1,10.6,16.6,1467,0,1,birch,,,,
13.4,10.7,16.6,1467,0,1,birch,,,,
8.9,10.8,16.6,1467,0,1,birch,,,,
9.4,10.8,16.6,1467,0,1,birch,,,,
11,10.9,16.6,1467,0,1,birch,,,,
7.8,11.2,16.6,1467,0,1,birch,,,,
9.5,11.3,16.6,1467,0,1,birch,,,,
12.2,11.5,16.6,1467,0,1,birch,,,,
11.7,11.8,16.6,1467,0,1,birch,,,,
14.8,12.1,16.6,1467,0,1,birch,,,,
16,12.8,16.6,1467,0,1,birch,,,,
8.6,13.2,16.6,1467,0,1,birch,,,,
19.5,13.9,16.6,1467,0,1,birch,,,,
13.1,14,16.6,1467,0,1,birch,,,,
20.4,14,16.6,1467,0,1,birch,,,,
15.4,14.2,16.6,1467,0,1,birch,,,,
15.3,14.4,16.6,1467,0,1,birch,,,,
20.9,14.4,16.6,1467,0,1,birch,,,,
28.1,14.6,16.6,1467,0,1,birch,,,,
19.1,15.1,16.6,1467,0,1,birch,,,,
19.2,15.7,16.6,1467,0,1,birch,,,,
14.6,15.8,16.6,1467,0,1,birch,,,,
18.5,15.9,16.6,1467,0,1,birch,,,,
15.6,16.3,16.6,1467,0,1,birch,,,,
14.2,16.5,16.6,1467,0,1,birch,,,,
18.3,16.7,16.6,1467,0,1,birch,,,,
2.9,1.9,16.2,1478,0,1,birch,,,,
3.6,1.9,16.2,1478,0,1,birch,,,,
2.1,2.5,16.2,1478,0,1,birch,,,,
2.2,2.5,16.2,1478,0,1,birch,,,,
2.3,2.5,16.2,1478,0,1,birch,,,,
3.5,2.5,16.2,1478,0,1,birch,,,,
2.2,2.6,16.2,1478,0,1,birch,,,,
2.5,2.7,16.2,1478,0,1,birch,,,,
2.6,2.7,16.2,1478,0,1,birch,,,,
2.8,2.7,16.2,1478,0,1,birch,,,,
2.2,2.8,16.2,1478,0,1,birch,,,,
3,3,16.2,1478,0,1,birch,,,,
2.2,3.1,16.2,1478,0,1,birch,,,,
2,3.2,16.2,1478,0,1,birch,,,,
2.5,3.2,16.2,1478,0,1,birch,,,,
6.9,3.2,16.2,1478,0,1,birch,,,,
3.2,3.3,16.2,1478,0,1,birch,,,,
3.4,3.3,16.2,1478,0,1,birch,,,,
3.7,3.3,16.2,1478,0,1,birch,,,,
4.4,3.3,16.2,1478,0,1,birch,,,,
2.2,3.4,16.2,1478,0,1,birch,,,,
2.3,3.5,16.2,1478,0,1,birch,,,,
2.4,3.5,16.2,1478,0,1,birch,,,,
2.7,3.5,16.2,1478,0,1,birch,,,,
2.7,3.5,16.2,1478,0,1,birch,,,,
2.9,3.5,16.2,1478,0,1,birch,,,,
3.1,3.5,16.2,1478,0,1,birch,,,,
3.1,3.5,16.2,1478,0,1,birch,,,,
3.2,3.5,16.2,1478,0,1,birch,,,,
3.2,3.5,16.2,1478,0,1,birch,,,,
3.5,3.5,16.2,1478,0,1,birch,,,,
3.5,3.5,16.2,1478,0,1,birch,,,,
4.1,3.5,16.2,1478,0,1,birch,,,,
4.8,3.5,16.2,1478,0,1,birch,,,,
3.5,3.6,16.2,1478,0,1,birch,,,,
2.6,3.7,16.2,1478,0,1,birch,,,,
3.9,3.7,16.2,1478,0,1,birch,,,,
4,3.7,16.2,1478,0,1,birch,,,,
3.1,3.8,16.2,1478,0,1,birch,,,,
3.7,3.8,16.2,1478,0,1,birch,,,,
3.2,3.9,16.2,1478,0,1,birch,,,,
3.3,3.9,16.2,1478,0,1,birch,,,,
3.5,3.9,16.2,1478,0,1,birch,,,,
3.6,3.9,16.2,1478,0,1,birch,,,,
4,3.9,16.2,1478,0,1,birch,,,,
4,3.9,16.2,1478,0,1,birch,,,,
4.1,4,16.2,1478,0,1,birch,,,,
5,4,16.2,1478,0,1,birch,,,,
4.1,4.1,16.2,1478,0,1,birch,,,,
3.5,4.2,16.2,1478,0,1,birch,,,,
2.9,4.3,16.2,1478,0,1,birch,,,,
5.7,4.3,16.2,1478,0,1,birch,,,,
3.4,4.5,16.2,1478,0,1,birch,,,,
3.7,4.5,16.2,1478,0,1,birch,,,,
3.8,4.5,16.2,1478,0,1,birch,,,,
4.1,4.5,16.2,1478,0,1,birch,,,,
4.9,4.5,16.2,1478,0,1,birch,,,,
5.5,4.5,16.2,1478,0,1,birch,,,,
4.3,4.6,16.2,1478,0,1,birch,,,,
3.8,4.7,16.2,1478,0,1,birch,,,,
4.6,4.7,16.2,1478,0,1,birch,,,,
11.2,4.7,16.2,1478,0,1,birch,,,,
5.5,5,16.2,1478,0,1,birch,,,,
4.1,5.1,16.2,1478,0,1,birch,,,,
5.9,5.1,16.2,1478,0,1,birch,,,,
3.9,5.4,16.2,1478,0,1,birch,,,,
5.3,5.4,16.2,1478,0,1,birch,,,,
6,5.4,16.2,1478,0,1,birch,,,,
4.1,5.5,16.2,1478,0,1,birch,,,,
4.5,5.5,16.2,1478,0,1,birch,,,,
6.4,5.5,16.2,1478,0,1,birch,,,,
6.3,5.6,16.2,1478,0,1,birch,,,,
6.1,5.7,16.2,1478,0,1,birch,,,,
4.5,5.8,16.2,1478,0,1,birch,,,,
6.5,5.8,16.2,1478,0,1,birch,,,,
7.3,5.8,16.2,1478,0,1,birch,,,,
6.1,5.9,16.2,1478,0,1,birch,,,,
8.4,5.9,16.2,1478,0,1,birch,,,,
5.4,6,16.2,1478,0,1,birch,,,,
7.5,6.1,16.2,1478,0,1,birch,,,,
5.5,6.3,16.2,1478,0,1,birch,,,,
5.9,6.3,16.2,1478,0,1,birch,,,,
6.5,6.4,16.2,1478,0,1,birch,,,,
7,6.4,16.2,1478,0,1,birch,,,,
8,6.5,16.2,1478,0,1,birch,,,,
7.8,6.7,16.2,1478,0,1,birch,,,,
9.2,6.7,16.2,1478,0,1,birch,,,,
5.7,6.9,16.2,1478,0,1,birch,,,,
6.8,6.9,16.2,1478,0,1,birch,,,,
8.9,6.9,16.2,1478,0,1,birch,,,,
10.2,7.8,16.2,1478,0,1,birch,,,,
11.5,7.9,16.2,1478,0,1,birch,,,,
9.8,8.4,16.2,1478,0,1,birch,,,,
18.4,9.5,16.2,1478,0,1,birch,,,,
27.1,10.5,16.2,1478,0,1,birch,,,,
29.2,10.5,16.2,1478,0,1,birch,,,,
19.7,10.6,16.2,1478,0,1,birch,,,,
30.4,11.7,16.2,1478,0,1,birch,,,,
23.4,12,16.2,1478,0,1,birch,,,,
27.7,12.1,16.2,1478,0,1,birch,,,,
19.2,12.4,16.2,1478,0,1,birch,,,,
28.2,12.4,16.2,1478,0,1,birch,,,,
26.8,12.8,16.2,1478,0,1,birch,,,,
22.2,13,16.2,1478,0,1,birch,,,,
28.8,13.1,16.2,1478,0,1,birch,,,,
14.9,13.3,16.2,1478,0,1,birch,,,,
31.4,13.4,16.2,1478,0,1,birch,,,,
22.3,13.5,16.2,1478,0,1,birch,,,,
27.4,13.6,16.2,1478,0,1,birch,,,,
15.8,13.9,16.2,1478,0,1,birch,,,,
26.5,15.7,16.2,1478,0,1,birch,,,,
3,2.2,13,1511,0,1,birch,,,,
4,2.7,13,1511,0,1,birch,,,,
2.8,2.8,13,1511,0,1,birch,,,,
3.4,2.9,13,1511,0,1,birch,,,,
3.6,2.9,13,1511,0,1,birch,,,,
6.5,3,13,1511,0,1,birch,,,,
3.2,3.2,13,1511,0,1,birch,,,,
5.3,3.2,13,1511,0,1,birch,,,,
3.3,3.3,13,1511,0,1,birch,,,,
3.8,3.4,13,1511,0,1,birch,,,,
7.9,3.4,13,1511,0,1,birch,,,,
4.9,3.5,13,1511,0,1,birch,,,,
3.2,3.6,13,1511,0,1,birch,,,,
4.9,3.6,13,1511,0,1,birch,,,,
5.6,3.6,13,1511,0,1,birch,,,,
3.5,3.7,13,1511,0,1,birch,,,,
5.8,3.7,13,1511,0,1,birch,,,,
5.6,3.8,13,1511,0,1,birch,,,,
5.8,3.8,13,1511,0,1,birch,,,,
4.1,4.1,13,1511,0,1,birch,,,,
5.8,4.1,13,1511,0,1,birch,,,,
3,4.2,13,1511,0,1,birch,,,,
4.7,4.2,13,1511,0,1,birch,,,,
5.2,4.2,13,1511,0,1,birch,,,,
8.9,4.2,13,1511,0,1,birch,,,,
2.6,4.4,13,1511,0,1,birch,,,,
5.2,4.4,13,1511,0,1,birch,,,,
5.4,4.4,13,1511,0,1,birch,,,,
5.4,4.4,13,1511,0,1,birch,,,,
3.5,4.6,13,1511,0,1,birch,,,,
3.8,4.6,13,1511,0,1,birch,,,,
4.8,4.6,13,1511,0,1,birch,,,,
8.1,4.7,13,1511,0,1,birch,,,,
13.1,4.7,13,1511,0,1,birch,,,,
6.6,4.8,13,1511,0,1,birch,,,,
7,4.8,13,1511,0,1,birch,,,,
4.6,4.9,13,1511,0,1,birch,,,,
5.1,4.9,13,1511,0,1,birch,,,,
7.5,5,13,1511,0,1,birch,,,,
7.8,5,13,1511,0,1,birch,,,,
5.2,5.2,13,1511,0,1,birch,,,,
5.3,5.2,13,1511,0,1,birch,,,,
5.8,5.2,13,1511,0,1,birch,,,,
6.9,5.2,13,1511,0,1,birch,,,,
8.9,5.2,13,1511,0,1,birch,,,,
10.1,5.3,13,1511,0,1,birch,,,,
15.2,5.3,13,1511,0,1,birch,,,,
3.5,5.4,13,1511,0,1,birch,,,,
12.3,5.4,13,1511,0,1,birch,,,,
5,5.6,13,1511,0,1,birch,,,,
6.6,5.6,13,1511,0,1,birch,,,,
7.9,5.6,13,1511,0,1,birch,,,,
5,5.7,13,1511,0,1,birch,,,,
7,5.9,13,1511,0,1,birch,,,,
8.1,5.9,13,1511,0,1,birch,,,,
8.2,6.1,13,1511,0,1,birch,,,,
6.8,6.2,13,1511,0,1,birch,,,,
10.4,6.2,13,1511,0,1,birch,,,,
8.9,6.4,13,1511,0,1,birch,,,,
12.2,6.4,13,1511,0,1,birch,,,,
10.3,6.5,13,1511,0,1,birch,,,,
8.5,6.6,13,1511,0,1,birch,,,,
12.8,6.7,13,1511,0,1,birch,,,,
13.1,6.9,13,1511,0,1,birch,,,,
16.5,6.9,13,1511,0,1,birch,,,,
19.9,6.9,13,1511,0,1,birch,,,,
6.4,7.1,13,1511,0,1,birch,,,,
8.9,7.1,13,1511,0,1,birch,,,,
6.5,7.3,13,1511,0,1,birch,,,,
7.9,7.3,13,1511,0,1,birch,,,,
8.3,7.3,13,1511,0,1,birch,,,,
10.5,7.3,13,1511,0,1,birch,,,,
10.4,7.4,13,1511,0,1,birch,,,,
23.6,7.6,13,1511,0,1,birch,,,,
9,7.8,13,1511,0,1,birch,,,,
11.8,7.8,13,1511,0,1,birch,,,,
20.6,7.9,13,1511,0,1,birch,,,,
13.2,8,13,1511,0,1,birch,,,,
10.6,8.2,13,1511,0,1,birch,,,,
15.9,8.2,13,1511,0,1,birch,,,,
22.6,8.2,13,1511,0,1,birch,,,,
11.7,8.3,13,1511,0,1,birch,,,,
21.7,8.3,13,1511,0,1,birch,,,,
11.2,8.4,13,1511,0,1,birch,,,,
17.2,8.4,13,1511,0,1,birch,,,,
18.9,8.6,13,1511,0,1,birch,,,,
11.6,8.7,13,1511,0,1,birch,,,,
12.3,8.9,13,1511,0,1,birch,,,,
11.2,9.2,13,1511,0,1,birch,,,,
18.1,9.2,13,1511,0,1,birch,,,,
14.6,9.3,13,1511,0,1,birch,,,,
16,9.4,13,1511,0,1,birch,,,,
17.1,9.5,13,1511,0,1,birch,,,,
26.7,9.5,13,1511,0,1,birch,,,,
28.2,9.6,13,1511,0,1,birch,,,,
13.7,9.7,13,1511,0,1,birch,,,,
16.7,9.7,13,1511,0,1,birch,,,,
21.3,9.7,13,1511,0,1,birch,,,,
13.9,9.8,13,1511,0,1,birch,,,,
23.4,9.8,13,1511,0,1,birch,,,,
13.6,9.9,13,1511,0,1,birch,,,,
14.7,9.9,13,1511,0,1,birch,,,,
19.6,10,13,1511,0,1,birch,,,,
13.6,10.1,13,1511,0,1,birch,,,,
15.8,10.2,13,1511,0,1,birch,,,,
19.3,10.2,13,1511,0,1,birch,,,,
12.9,10.3,13,1511,0,1,birch,,,,
17.5,10.4,13,1511,0,1,birch,,,,
18.3,10.4,13,1511,0,1,birch,,,,
13.4,10.5,13,1511,0,1,birch,,,,
17.4,10.5,13,1511,0,1,birch,,,,
16.8,10.6,13,1511,0,1,birch,,,,
19,10.6,13,1511,0,1,birch,,,,
24.4,10.7,13,1511,0,1,birch,,,,
19.4,11.2,13,1511,0,1,birch,,,,
20.9,11.2,13,1511,0,1,birch,,,,
16.2,11.4,13,1511,0,1,birch,,,,
18.2,11.4,13,1511,0,1,birch,,,,
16.7,11.5,13,1511,0,1,birch,,,,
20.5,11.6,13,1511,0,1,birch,,,,
14.2,11.7,13,1511,0,1,birch,,,,
16.5,11.8,13,1511,0,1,birch,,,,
12.6,12.1,13,1511,0,1,birch,,,,
16.3,12.2,13,1511,0,1,birch,,,,
22.6,12.4,13,1511,0,1,birch,,,,
21.3,12.8,13,1511,0,1,birch,,,,
2.5,3.4,10.1,1522,0,1,birch,,,,
3.2,3.7,10.1,1522,0,1,birch,,,,
3.2,3.8,10.1,1522,0,1,birch,,,,
5.6,3.8,10.1,1522,0,1,birch,,,,
3.8,4,10.1,1522,0,1,birch,,,,
3.3,4.1,10.1,1522,0,1,birch,,,,
9.3,4.4,15.8,1522,0,1,birch,,,,
2.6,4.7,10.1,1522,0,1,birch,,,,
2.9,5.2,10.1,1522,0,1,birch,,,,
11,5.7,15.8,1522,0,1,birch,,,,
5.2,6.2,10.1,1522,0,1,birch,,,,
5.7,6.3,15.8,1522,0,1,birch,,,,
10.1,6.4,15.8,1522,0,1,birch,,,,
7.6,6.6,10.1,1522,0,1,birch,,,,
6.3,6.9,15.8,1522,0,1,birch,,,,
7.2,6.9,10.1,1522,0,1,birch,,,,
8,7.5,15.8,1522,0,1,birch,,,,
11.8,7.9,15.8,1522,0,1,birch,,,,
12.2,8.5,15.8,1522,0,1,birch,,,,
10.8,8.8,10.1,1522,0,1,birch,,,,
12,9,15.8,1522,0,1,birch,,,,
11.6,9.1,10.1,1522,0,1,birch,,,,
11.6,9.2,10.1,1522,0,1,birch,,,,
9,9.6,15.8,1522,0,1,birch,,,,
13.7,9.6,10.1,1522,0,1,birch,,,,
13.6,10.1,10.1,1522,0,1,birch,,,,
12.5,10.4,10.1,1522,0,1,birch,,,,
15.4,10.6,10.1,1522,0,1,birch,,,,
10.6,10.8,15.8,1522,0,1,birch,,,,
10.1,11.3,15.8,1522,0,1,birch,,,,
26.4,12.3,15.8,1522,0,1,birch,,,,
16.4,12.5,15.8,1522,0,1,birch,,,,
33.4,13.9,15.8,1522,0,1,birch,,,,
3.1,3.2,11.8,1600,0,1,birch,,,,
3.3,3.4,11.8,1600,0,1,birch,,,,
3.2,3.6,11.8,1600,0,1,birch,,,,
4.1,3.6,11.8,1600,0,1,birch,,,,
4.6,3.6,11.8,1600,0,1,birch,,,,
3.8,3.7,11.8,1600,0,1,birch,,,,
3.9,3.7,11.8,1600,0,1,birch,,,,
2.5,3.8,11.8,1600,0,1,birch,,,,
2.9,3.8,11.8,1600,0,1,birch,,,,
3.7,3.8,11.8,1600,0,1,birch,,,,
4.3,3.8,11.8,1600,0,1,birch,,,,
2.7,3.9,11.8,1600,0,1,birch,,,,
3,3.9,11.8,1600,0,1,birch,,,,
4.4,3.9,11.8,1600,0,1,birch,,,,
3.5,4,11.8,1600,0,1,birch,,,,
4,4,11.8,1600,0,1,birch,,,,
7,4,11.8,1600,0,1,birch,,,,
2.8,4.1,11.8,1600,0,1,birch,,,,
3,4.1,11.8,1600,0,1,birch,,,,
3,4.1,11.8,1600,0,1,birch,,,,
3.1,4.1,11.8,1600,0,1,birch,,,,
3.2,4.1,11.8,1600,0,1,birch,,,,
3.5,4.1,11.8,1600,0,1,birch,,,,
2.7,4.2,11.8,1600,0,1,birch,,,,
3,4.2,11.8,1600,0,1,birch,,,,
3.2,4.2,11.8,1600,0,1,birch,,,,
3.2,4.2,11.8,1600,0,1,birch,,,,
3.3,4.2,11.8,1600,0,1,birch,,,,
3.7,4.2,11.8,1600,0,1,birch,,,,
3.7,4.2,11.8,1600,0,1,birch,,,,
4.7,4.2,11.8,1600,0,1,birch,,,,
3.8,4.3,11.8,1600,0,1,birch,,,,
3.8,4.3,11.8,1600,0,1,birch,,,,
4.5,4.3,11.8,1600,0,1,birch,,,,
4.6,4.3,11.8,1600,0,1,birch,,,,
4.7,4.3,11.8,1600,0,1,birch,,,,
5.2,4.3,11.8,1600,0,1,birch,,,,
3.1,4.4,11.8,1600,0,1,birch,,,,
3.6,4.4,11.8,1600,0,1,birch,,,,
3.6,4.4,11.8,1600,0,1,birch,,,,
3.9,4.4,11.8,1600,0,1,birch,,,,
4.9,4.4,11.8,1600,0,1,birch,,,,
4.9,4.4,11.8,1600,0,1,birch,,,,
5.2,4.4,11.8,1600,0,1,birch,,,,
2.8,4.5,11.8,1600,0,1,birch,,,,
4.2,4.5,11.8,1600,0,1,birch,,,,
5.3,4.5,11.8,1600,0,1,birch,,,,
3.5,4.6,11.8,1600,0,1,birch,,,,
3.5,4.6,11.8,1600,0,1,birch,,,,
4.8,4.6,11.8,1600,0,1,birch,,,,
5.5,4.6,11.8,1600,0,1,birch,,,,
5.6,4.6,11.8,1600,0,1,birch,,,,
6.2,4.6,11.8,1600,0,1,birch,,,,
3,4.7,11.8,1600,0,1,birch,,,,
3.4,4.7,11.8,1600,0,1,birch,,,,
4,4.7,11.8,1600,0,1,birch,,,,
4.8,4.7,11.8,1600,0,1,birch,,,,
3.2,4.8,11.8,1600,0,1,birch,,,,
3.4,4.8,11.8,1600,0,1,birch,,,,
3.8,4.8,11.8,1600,0,1,birch,,,,
4,4.8,11.8,1600,0,1,birch,,,,
4.3,4.8,11.8,1600,0,1,birch,,,,
4.5,4.8,11.8,1600,0,1,birch,,,,
5.9,4.8,11.8,1600,0,1,birch,,,,
6.4,4.8,11.8,1600,0,1,birch,,,,
6.5,4.8,11.8,1600,0,1,birch,,,,
4.7,4.9,11.8,1600,0,1,birch,,,,
4,5,11.8,1600,0,1,birch,,,,
5.2,5,11.8,1600,0,1,birch,,,,
7.6,5,11.8,1600,0,1,birch,,,,
3.1,5.1,11.8,1600,0,1,birch,,,,
3.6,5.1,11.8,1600,0,1,birch,,,,
5.2,5.1,11.8,1600,0,1,birch,,,,
5.4,5.1,11.8,1600,0,1,birch,,,,
3.9,5.2,11.8,1600,0,1,birch,,,,
4.7,5.2,11.8,1600,0,1,birch,,,,
5.3,5.2,11.8,1600,0,1,birch,,,,
5.3,5.2,11.8,1600,0,1,birch,,,,
5.8,5.2,11.8,1600,0,1,birch,,,,
6.2,5.2,11.8,1600,0,1,birch,,,,
6.5,5.2,11.8,1600,0,1,birch,,,,
7.4,5.2,11.8,1600,0,1,birch,,,,
11.3,5.3,11.8,1600,0,1,birch,,,,
3.2,5.4,11.8,1600,0,1,birch,,,,
4.2,5.4,11.8,1600,0,1,birch,,,,
4.4,5.4,11.8,1600,0,1,birch,,,,
4.8,5.4,11.8,1600,0,1,birch,,,,
5,5.4,11.8,1600,0,1,birch,,,,
5.2,5.4,11.8,1600,0,1,birch,,,,
4.2,5.5,11.8,1600,0,1,birch,,,,
4.6,5.6,11.8,1600,0,1,birch,,,,
5.3,5.6,11.8,1600,0,1,birch,,,,
6.4,5.6,11.8,1600,0,1,birch,,,,
6.8,5.6,11.8,1600,0,1,birch,,,,
7.7,5.6,11.8,1600,0,1,birch,,,,
4.7,5.7,11.8,1600,0,1,birch,,,,
6.8,5.7,11.8,1600,0,1,birch,,,,
4.2,5.8,11.8,1600,0,1,birch,,,,
5,5.8,11.8,1600,0,1,birch,,,,
6.4,5.8,11.8,1600,0,1,birch,,,,
8.4,5.8,11.8,1600,0,1,birch,,,,
7.3,5.9,11.8,1600,0,1,birch,,,,
11.1,6.1,11.8,1600,0,1,birch,,,,
5.6,6.2,11.8,1600,0,1,birch,,,,
6.5,6.2,11.8,1600,0,1,birch,,,,
6.9,6.2,11.8,1600,0,1,birch,,,,
8.8,6.2,11.8,1600,0,1,birch,,,,
8.3,6.3,11.8,1600,0,1,birch,,,,
10.2,6.3,11.8,1600,0,1,birch,,,,
11,6.4,11.8,1600,0,1,birch,,,,
3.7,6.5,11.8,1600,0,1,birch,,,,
5.2,6.5,11.8,1600,0,1,birch,,,,
9.6,6.5,11.8,1600,0,1,birch,,,,
6.4,6.7,11.8,1600,0,1,birch,,,,
6.4,6.8,11.8,1600,0,1,birch,,,,
8.2,6.9,11.8,1600,0,1,birch,,,,
4.1,7,11.8,1600,0,1,birch,,,,
4.8,7.2,11.8,1600,0,1,birch,,,,
8.8,7.4,11.8,1600,0,1,birch,,,,
5.8,7.6,11.8,1600,0,1,birch,,,,
6.8,7.7,11.8,1600,0,1,birch,,,,
20.4,7.7,11.8,1600,0,1,birch,,,,
4,7.8,11.8,1600,0,1,birch,,,,
6.2,8,11.8,1600,0,1,birch,,,,
7.2,8.6,11.8,1600,0,1,birch,,,,
11,9.1,11.8,1600,0,1,birch,,,,
6.7,9.8,11.8,1600,0,1,birch,,,,
6.2,10.2,11.8,1600,0,1,birch,,,,
12.9,10.4,11.8,1600,0,1,birch,,,,
12.5,11.7,11.8,1600,0,1,birch,,,,
37,14.8,11.8,1600,0,1,birch,,,,
28,16.8,11.8,1600,0,1,birch,,,,
2.9,3,9.7,1644,0,1,birch,,,,
3.9,3,9.7,1644,0,1,birch,,,,
3.1,3.3,9.7,1644,0,1,birch,,,,
2.6,3.4,9.7,1644,0,1,birch,,,,
3.6,3.4,9.7,1644,0,1,birch,,,,
5.6,3.4,9.7,1644,0,1,birch,,,,
2.7,3.6,9.7,1644,0,1,birch,,,,
3.6,3.6,9.7,1644,0,1,birch,,,,
7.2,3.6,9.7,1644,0,1,birch,,,,
4.1,3.7,9.7,1644,0,1,birch,,,,
4.1,3.7,9.7,1644,0,1,birch,,,,
2.8,3.9,9.7,1644,0,1,birch,,,,
3.2,3.9,9.7,1644,0,1,birch,,,,
3.7,3.9,9.7,1644,0,1,birch,,,,
3.6,4,9.7,1644,0,1,birch,,,,
3.7,4,9.7,1644,0,1,birch,,,,
4.4,4,9.7,1644,0,1,birch,,,,
3.6,4.1,9.7,1644,0,1,birch,,,,
3.7,4.1,9.7,1644,0,1,birch,,,,
3.7,4.1,9.7,1644,0,1,birch,,,,
3.8,4.1,9.7,1644,0,1,birch,,,,
4.3,4.1,9.7,1644,0,1,birch,,,,
3.5,4.2,9.7,1644,0,1,birch,,,,
3.6,4.2,9.7,1644,0,1,birch,,,,
4.3,4.2,9.7,1644,0,1,birch,,,,
5,4.2,9.7,1644,0,1,birch,,,,
2.9,4.3,9.7,1644,0,1,birch,,,,
3.2,4.3,9.7,1644,0,1,birch,,,,
2.7,4.4,9.7,1644,0,1,birch,,,,
2.9,4.4,9.7,1644,0,1,birch,,,,
3,4.4,9.7,1644,0,1,birch,,,,
3.2,4.4,9.7,1644,0,1,birch,,,,
3.7,4.4,9.7,1644,0,1,birch,,,,
5.6,4.4,9.7,1644,0,1,birch,,,,
3.3,4.5,9.7,1644,0,1,birch,,,,
3.3,4.5,9.7,1644,0,1,birch,,,,
3.3,4.5,9.7,1644,0,1,birch,,,,
3.5,4.5,9.7,1644,0,1,birch,,,,
3.1,4.6,9.7,1644,0,1,birch,,,,
4.5,4.6,9.7,1644,0,1,birch,,,,
5,4.6,9.7,1644,0,1,birch,,,,
5.6,4.6,9.7,1644,0,1,birch,,,,
5.9,4.6,9.7,1644,0,1,birch,,,,
3.6,4.7,9.7,1644,0,1,birch,,,,
4.2,4.7,9.7,1644,0,1,birch,,,,
4.8,4.7,9.7,1644,0,1,birch,,,,
4.5,4.8,9.7,1644,0,1,birch,,,,
4.8,4.8,9.7,1644,0,1,birch,,,,
5.1,4.8,9.7,1644,0,1,birch,,,,
2.8,4.9,9.7,1644,0,1,birch,,,,
3.2,4.9,9.7,1644,0,1,birch,,,,
3.3,4.9,9.7,1644,0,1,birch,,,,
3.2,5,9.7,1644,0,1,birch,,,,
3.9,5,9.7,1644,0,1,birch,,,,
4,5,9.7,1644,0,1,birch,,,,
5.3,5.1,9.7,1644,0,1,birch,,,,
7.9,5.1,9.7,1644,0,1,birch,,,,
3,5.2,9.7,1644,0,1,birch,,,,
4.3,5.2,9.7,1644,0,1,birch,,,,
4.3,5.2,9.7,1644,0,1,birch,,,,
3.8,5.3,9.7,1644,0,1,birch,,,,
3.9,5.3,9.7,1644,0,1,birch,,,,
4,5.3,9.7,1644,0,1,birch,,,,
4,5.3,9.7,1644,0,1,birch,,,,
5,5.3,9.7,1644,0,1,birch,,,,
5.2,5.3,9.7,1644,0,1,birch,,,,
2.9,5.4,9.7,1644,0,1,birch,,,,
4.3,5.4,9.7,1644,0,1,birch,,,,
4.4,5.4,9.7,1644,0,1,birch,,,,
4.5,5.4,9.7,1644,0,1,birch,,,,
6,5.4,9.7,1644,0,1,birch,,,,
5.2,5.5,9.7,1644,0,1,birch,,,,
3.7,5.6,9.7,1644,0,1,birch,,,,
4,5.6,9.7,1644,0,1,birch,,,,
6.9,5.6,9.7,1644,0,1,birch,,,,
6.9,5.6,9.7,1644,0,1,birch,,,,
4.4,5.7,9.7,1644,0,1,birch,,,,
4.4,5.7,9.7,1644,0,1,birch,,,,
5.4,5.7,9.7,1644,0,1,birch,,,,
4.2,5.8,9.7,1644,0,1,birch,,,,
6.3,5.9,9.7,1644,0,1,birch,,,,
11.4,5.9,9.7,1644,0,1,birch,,,,
18.6,10.6,9.7,1644,0,1,birch,,,,
21.5,11.7,9.7,1644,0,1,birch,,,,
37.2,11.7,9.7,1644,0,1,birch,,,,
4.8,2.5,16.6,1656,0,1,birch,,,,
4.2,5.1,16.6,1656,0,1,birch,,,,
7,5.8,16.6,1656,0,1,birch,,,,
7,6.3,16.6,1656,0,1,birch,,,,
7.5,7.2,16.6,1656,0,1,birch,,,,
7.2,8.1,16.6,1656,0,1,birch,,,,
8.6,8.6,16.6,1656,0,1,birch,,,,
18.3,8.7,16.6,1656,0,1,birch,,,,
8.9,8.9,16.6,1656,0,1,birch,,,,
13.4,8.9,16.6,1656,0,1,birch,,,,
6,9.2,16.6,1656,0,1,birch,,,,
9.1,9.7,16.6,1656,0,1,birch,,,,
11.9,9.9,16.6,1656,0,1,birch,,,,
8.6,10,16.6,1656,0,1,birch,,,,
11.8,10.1,16.6,1656,0,1,birch,,,,
10.5,11,16.6,1656,0,1,birch,,,,
13.4,11.1,16.6,1656,0,1,birch,,,,
8.9,11.5,16.6,1656,0,1,birch,,,,
11.6,11.5,16.6,1656,0,1,birch,,,,
15.1,11.6,16.6,1656,0,1,birch,,,,
15.5,11.7,16.6,1656,0,1,birch,,,,
12.8,12.3,16.6,1656,0,1,birch,,,,
15.1,12.3,16.6,1656,0,1,birch,,,,
15.1,12.3,16.6,1656,0,1,birch,,,,
18.5,12.4,16.6,1656,0,1,birch,,,,
14.9,12.5,16.6,1656,0,1,birch,,,,
15.9,12.5,16.6,1656,0,1,birch,,,,
11.7,12.7,16.6,1656,0,1,birch,,,,
16.7,12.7,16.6,1656,0,1,birch,,,,
14.3,12.9,16.6,1656,0,1,birch,,,,
21.4,13.2,16.6,1656,0,1,birch,,,,
10.8,13.3,16.6,1656,0,1,birch,,,,
14,13.4,16.6,1656,0,1,birch,,,,
12,13.5,16.6,1656,0,1,birch,,,,
15.1,13.7,16.6,1656,0,1,birch,,,,
12.1,13.8,16.6,1656,0,1,birch,,,,
13.4,13.8,16.6,1656,0,1,birch,,,,
16.3,13.8,16.6,1656,0,1,birch,,,,
22,13.8,16.6,1656,0,1,birch,,,,
19.3,13.9,16.6,1656,0,1,birch,,,,
9.7,14,16.6,1656,0,1,birch,,,,
14.4,14,16.6,1656,0,1,birch,,,,
19.2,14.1,16.6,1656,0,1,birch,,,,
12.9,14.2,16.6,1656,0,1,birch,,,,
18.9,14.2,16.6,1656,0,1,birch,,,,
13.1,14.3,16.6,1656,0,1,birch,,,,
22.1,14.8,16.6,1656,0,1,birch,,,,
11.9,14.9,16.6,1656,0,1,birch,,,,
16.2,15.3,16.6,1656,0,1,birch,,,,
21.2,15.3,16.6,1656,0,1,birch,,,,
20.3,15.4,16.6,1656,0,1,birch,,,,
19.2,15.5,16.6,1656,0,1,birch,,,,
14.6,16,16.6,1656,0,1,birch,,,,
22.2,16.3,16.6,1656,0,1,birch,,,,
21.2,17.1,16.6,1656,0,1,birch,,,,
4.3,2.7,16.9,1733,0,1,birch,,,,
3.6,2.8,16.9,1733,0,1,birch,,,,
3.5,3.2,16.9,1733,0,1,birch,,,,
3.5,3.5,16.9,1733,0,1,birch,,,,
3.6,3.5,16.9,1733,0,1,birch,,,,
3.5,3.6,16.9,1733,0,1,birch,,,,
5.1,3.8,16.9,1733,0,1,birch,,,,
5.7,4,16.9,1733,0,1,birch,,,,
4.3,4.2,7.2,1733,0,1,birch,,,,
8.2,4.2,16.9,1733,0,1,birch,,,,
3.5,4.4,7.2,1733,0,1,birch,,,,
4.8,4.7,7.2,1733,0,1,birch,,,,
9,4.7,7.2,1733,0,1,birch,,,,
5.4,4.8,16.9,1733,0,1,birch,,,,
6.5,4.9,7.2,1733,0,1,birch,,,,
9.5,4.9,16.9,1733,0,1,birch,,,,
4,5,16.9,1733,0,1,birch,,,,
6,5,7.2,1733,0,1,birch,,,,
4,5.2,7.2,1733,0,1,birch,,,,
6.1,5.2,16.9,1733,0,1,birch,,,,
6.5,5.3,16.9,1733,0,1,birch,,,,
5.1,5.4,7.2,1733,0,1,birch,,,,
5.8,5.6,7.2,1733,0,1,birch,,,,
19,5.7,7.2,1733,0,1,birch,,,,
7,5.9,16.9,1733,0,1,birch,,,,
7.1,5.9,7.2,1733,0,1,birch,,,,
10.9,6,16.9,1733,0,1,birch,,,,
12.7,6,7.2,1733,0,1,birch,,,,
7.8,6.1,16.9,1733,0,1,birch,,,,
10.9,6.4,16.9,1733,0,1,birch,,,,
12.9,6.4,16.9,1733,0,1,birch,,,,
7.6,6.6,16.9,1733,0,1,birch,,,,
12.8,6.6,16.9,1733,0,1,birch,,,,
11.6,6.7,16.9,1733,0,1,birch,,,,
12.6,6.7,7.2,1733,0,1,birch,,,,
5.9,6.8,16.9,1733,0,1,birch,,,,
9.7,6.9,16.9,1733,0,1,birch,,,,
5.3,7.3,16.9,1733,0,1,birch,,,,
10.6,7.3,16.9,1733,0,1,birch,,,,
5.6,7.6,16.9,1733,0,1,birch,,,,
8.6,7.6,16.9,1733,0,1,birch,,,,
6.2,7.7,16.9,1733,0,1,birch,,,,
11.1,8.1,16.9,1733,0,1,birch,,,,
8.6,8.3,16.9,1733,0,1,birch,,,,
11.9,8.3,16.9,1733,0,1,birch,,,,
12.2,8.3,16.9,1733,0,1,birch,,,,
8.8,8.4,16.9,1733,0,1,birch,,,,
14.1,8.5,16.9,1733,0,1,birch,,,,
20.7,8.5,16.9,1733,0,1,birch,,,,
12.2,8.7,16.9,1733,0,1,birch,,,,
8.1,8.8,16.9,1733,0,1,birch,,,,
9.1,8.9,16.9,1733,0,1,birch,,,,
10.5,8.9,16.9,1733,0,1,birch,,,,
13.5,8.9,16.9,1733,0,1,birch,,,,
9,9,16.9,1733,0,1,birch,,,,
12.4,9,16.9,1733,0,1,birch,,,,
7.1,9.2,16.9,1733,0,1,birch,,,,
14.2,9.2,16.9,1733,0,1,birch,,,,
20.8,9.2,16.9,1733,0,1,birch,,,,
7.5,9.3,16.9,1733,0,1,birch,,,,
10,9.3,16.9,1733,0,1,birch,,,,
11.6,9.3,16.9,1733,0,1,birch,,,,
13.6,9.3,16.9,1733,0,1,birch,,,,
10.7,9.4,16.9,1733,0,1,birch,,,,
12.3,9.4,16.9,1733,0,1,birch,,,,
14.1,9.4,16.9,1733,0,1,birch,,,,
9.6,9.5,16.9,1733,0,1,birch,,,,
12.7,9.5,16.9,1733,0,1,birch,,,,
15.6,9.7,16.9,1733,0,1,birch,,,,
11,9.8,16.9,1733,0,1,birch,,,,
12,9.8,16.9,1733,0,1,birch,,,,
12.2,9.8,16.9,1733,0,1,birch,,,,
12.2,9.8,16.9,1733,0,1,birch,,,,
12.8,9.8,16.9,1733,0,1,birch,,,,
13.4,9.8,16.9,1733,0,1,birch,,,,
14.4,9.8,16.9,1733,0,1,birch,,,,
17.3,9.8,16.9,1733,0,1,birch,,,,
5.9,9.9,16.9,1733,0,1,birch,,,,
14.5,9.9,16.9,1733,0,1,birch,,,,
15.4,9.9,16.9,1733,0,1,birch,,,,
12.8,10,16.9,1733,0,1,birch,,,,
19.2,10,16.9,1733,0,1,birch,,,,
6.5,10.1,16.9,1733,0,1,birch,,,,
10.8,10.1,16.9,1733,0,1,birch,,,,
15.3,10.1,16.9,1733,0,1,birch,,,,
10.2,10.2,16.9,1733,0,1,birch,,,,
10.6,10.2,16.9,1733,0,1,birch,,,,
5.9,10.3,16.9,1733,0,1,birch,,,,
8.5,10.3,16.9,1733,0,1,birch,,,,
11,10.3,16.9,1733,0,1,birch,,,,
16.3,10.3,16.9,1733,0,1,birch,,,,
14.2,10.4,16.9,1733,0,1,birch,,,,
10.8,10.5,16.9,1733,0,1,birch,,,,
14.3,10.5,16.9,1733,0,1,birch,,,,
16.3,10.5,16.9,1733,0,1,birch,,,,
11.6,10.6,16.9,1733,0,1,birch,,,,
14.2,10.6,16.9,1733,0,1,birch,,,,
19.5,10.6,16.9,1733,0,1,birch,,,,
6.4,10.9,16.9,1733,0,1,birch,,,,
6.9,10.9,16.9,1733,0,1,birch,,,,
9.4,10.9,16.9,1733,0,1,birch,,,,
15.6,10.9,16.9,1733,0,1,birch,,,,
15.7,11,16.9,1733,0,1,birch,,,,
12.5,11.1,16.9,1733,0,1,birch,,,,
13.6,11.1,16.9,1733,0,1,birch,,,,
12.4,11.2,16.9,1733,0,1,birch,,,,
21.1,11.2,16.9,1733,0,1,birch,,,,
13.6,11.3,16.9,1733,0,1,birch,,,,
5.2,11.5,16.9,1733,0,1,birch,,,,
16.1,11.6,16.9,1733,0,1,birch,,,,
18.6,11.6,16.9,1733,0,1,birch,,,,
20.2,11.6,16.9,1733,0,1,birch,,,,
21.8,11.6,16.9,1733,0,1,birch,,,,
16.3,11.7,16.9,1733,0,1,birch,,,,
19.1,11.7,16.9,1733,0,1,birch,,,,
8.4,11.9,16.9,1733,0,1,birch,,,,
17.7,11.9,16.9,1733,0,1,birch,,,,
12.1,12,16.9,1733,0,1,birch,,,,
13.1,12,16.9,1733,0,1,birch,,,,
13.9,12,16.9,1733,0,1,birch,,,,
13.2,12.2,16.9,1733,0,1,birch,,,,
15.6,12.2,16.9,1733,0,1,birch,,,,
17.6,12.2,16.9,1733,0,1,birch,,,,
8.5,12.5,16.9,1733,0,1,birch,,,,
13.4,12.5,16.9,1733,0,1,birch,,,,
15.2,12.5,16.9,1733,0,1,birch,,,,
17.6,12.5,16.9,1733,0,1,birch,,,,
9.7,12.6,16.9,1733,0,1,birch,,,,
14.4,12.6,16.9,1733,0,1,birch,,,,
20.9,12.6,16.9,1733,0,1,birch,,,,
11.8,12.8,16.9,1733,0,1,birch,,,,
15,12.8,16.9,1733,0,1,birch,,,,
11.2,12.9,16.9,1733,0,1,birch,,,,
13.4,12.9,16.9,1733,0,1,birch,,,,
20.7,12.9,16.9,1733,0,1,birch,,,,
11.5,13.2,16.9,1733,0,1,birch,,,,
13.1,13.2,16.9,1733,0,1,birch,,,,
15.3,13.2,16.9,1733,0,1,birch,,,,
17,13.2,16.9,1733,0,1,birch,,,,
9.9,13.4,16.9,1733,0,1,birch,,,,
13.7,13.4,16.9,1733,0,1,birch,,,,
22.6,13.4,16.9,1733,0,1,birch,,,,
10,13.5,16.9,1733,0,1,birch,,,,
11.2,13.5,16.9,1733,0,1,birch,,,,
15.2,13.5,16.9,1733,0,1,birch,,,,
15.4,13.5,16.9,1733,0,1,birch,,,,
22.5,13.5,16.9,1733,0,1,birch,,,,
15.6,13.6,16.9,1733,0,1,birch,,,,
20.2,13.7,16.9,1733,0,1,birch,,,,
6.5,13.9,16.9,1733,0,1,birch,,,,
14.8,14.3,16.9,1733,0,1,birch,,,,
15.6,14.3,16.9,1733,0,1,birch,,,,
8.9,14.4,16.9,1733,0,1,birch,,,,
20.1,14.4,16.9,1733,0,1,birch,,,,
13.4,14.8,16.9,1733,0,1,birch,,,,
12.1,14.9,16.9,1733,0,1,birch,,,,
17.6,15.4,16.9,1733,0,1,birch,,,,
18.8,16,16.9,1733,0,1,birch,,,,
6.4,3.9,17.2,1778,0,1,birch,,,,
3.8,4.2,17.2,1778,0,1,birch,,,,
4.8,4.3,17.2,1778,0,1,birch,,,,
3.7,5.4,17.2,1778,0,1,birch,,,,
8.7,6.1,17.2,1778,0,1,birch,,,,
6.7,6.4,17.2,1778,0,1,birch,,,,
13.3,6.4,17.2,1778,0,1,birch,,,,
8.3,6.7,17.2,1778,0,1,birch,,,,
6,6.8,17.2,1778,0,1,birch,,,,
10.6,6.8,17.2,1778,0,1,birch,,,,
12.8,7,17.2,1778,0,1,birch,,,,
5.2,7.2,17.2,1778,0,1,birch,,,,
6,7.4,17.2,1778,0,1,birch,,,,
7.2,7.4,17.2,1778,0,1,birch,,,,
9.4,7.4,17.2,1778,0,1,birch,,,,
8.5,7.5,17.2,1778,0,1,birch,,,,
6.2,7.8,17.2,1778,0,1,birch,,,,
7,8,17.2,1778,0,1,birch,,,,
8.6,8,17.2,1778,0,1,birch,,,,
12.3,8,17.2,1778,0,1,birch,,,,
7.6,8.3,17.2,1778,0,1,birch,,,,
6.6,8.4,17.2,1778,0,1,birch,,,,
7.1,8.4,17.2,1778,0,1,birch,,,,
9.5,8.4,17.2,1778,0,1,birch,,,,
10.5,8.4,17.2,1778,0,1,birch,,,,
6,8.6,17.2,1778,0,1,birch,,,,
6.5,8.8,17.2,1778,0,1,birch,,,,
13.9,8.8,17.2,1778,0,1,birch,,,,
9.7,9,17.2,1778,0,1,birch,,,,
9.9,9,17.2,1778,0,1,birch,,,,
12.5,9,17.2,1778,0,1,birch,,,,
15.2,9,17.2,1778,0,1,birch,,,,
12.7,9.2,17.2,1778,0,1,birch,,,,
12.6,9.3,17.2,1778,0,1,birch,,,,
7.8,9.4,17.2,1778,0,1,birch,,,,
6.9,9.8,17.2,1778,0,1,birch,,,,
11.6,9.8,17.2,1778,0,1,birch,,,,
10.1,9.9,17.2,1778,0,1,birch,,,,
9,10,17.2,1778,0,1,birch,,,,
13.7,10,17.2,1778,0,1,birch,,,,
14.6,10,17.2,1778,0,1,birch,,,,
8.5,10.1,17.2,1778,0,1,birch,,,,
9,10.2,17.2,1778,0,1,birch,,,,
10.9,10.2,17.2,1778,0,1,birch,,,,
15.6,10.3,17.2,1778,0,1,birch,,,,
7,10.4,17.2,1778,0,1,birch,,,,
8.6,10.4,17.2,1778,0,1,birch,,,,
10.8,10.5,17.2,1778,0,1,birch,,,,
15.4,10.6,17.2,1778,0,1,birch,,,,
10.9,10.7,17.2,1778,0,1,birch,,,,
13.2,10.7,17.2,1778,0,1,birch,,,,
13.8,10.9,17.2,1778,0,1,birch,,,,
10.8,11.1,17.2,1778,0,1,birch,,,,
19.4,11.1,17.2,1778,0,1,birch,,,,
7.8,11.3,17.2,1778,0,1,birch,,,,
15.9,11.3,17.2,1778,0,1,birch,,,,
17.7,11.3,17.2,1778,0,1,birch,,,,
14.1,11.4,17.2,1778,0,1,birch,,,,
14.8,11.4,17.2,1778,0,1,birch,,,,
17.3,11.4,17.2,1778,0,1,birch,,,,
11,11.5,17.2,1778,0,1,birch,,,,
16,11.6,17.2,1778,0,1,birch,,,,
6.9,11.7,17.2,1778,0,1,birch,,,,
7.5,11.7,17.2,1778,0,1,birch,,,,
7.6,11.7,17.2,1778,0,1,birch,,,,
8.6,11.7,17.2,1778,0,1,birch,,,,
14.1,11.7,17.2,1778,0,1,birch,,,,
16.6,11.7,17.2,1778,0,1,birch,,,,
11.9,12,17.2,1778,0,1,birch,,,,
12.9,12.1,17.2,1778,0,1,birch,,,,
13,12.1,17.2,1778,0,1,birch,,,,
14.1,12.2,17.2,1778,0,1,birch,,,,
5.9,12.3,17.2,1778,0,1,birch,,,,
10.3,12.3,17.2,1778,0,1,birch,,,,
10.6,12.3,17.2,1778,0,1,birch,,,,
14.1,12.3,17.2,1778,0,1,birch,,,,
15.3,12.3,17.2,1778,0,1,birch,,,,
15.6,12.3,17.2,1778,0,1,birch,,,,
15.9,12.3,17.2,1778,0,1,birch,,,,
16.5,12.3,17.2,1778,0,1,birch,,,,
17.3,12.3,17.2,1778,0,1,birch,,,,
13.2,12.4,17.2,1778,0,1,birch,,,,
13.5,12.4,17.2,1778,0,1,birch,,,,
15.6,12.5,17.2,1778,0,1,birch,,,,
11,12.6,17.2,1778,0,1,birch,,,,
18.7,12.7,17.2,1778,0,1,birch,,,,
9,12.8,17.2,1778,0,1,birch,,,,
19.6,12.8,17.2,1778,0,1,birch,,,,
18.6,13.2,17.2,1778,0,1,birch,,,,
21,13.2,17.2,1778,0,1,birch,,,,
9.5,13.3,17.2,1778,0,1,birch,,,,
10.5,13.4,17.2,1778,0,1,birch,,,,
15.4,13.4,17.2,1778,0,1,birch,,,,
10.2,13.6,17.2,1778,0,1,birch,,,,
16.8,13.6,17.2,1778,0,1,birch,,,,
22.3,13.6,17.2,1778,0,1,birch,,,,
12,13.7,17.2,1778,0,1,birch,,,,
15.8,13.7,17.2,1778,0,1,birch,,,,
18.8,13.7,17.2,1778,0,1,birch,,,,
12.4,13.9,17.2,1778,0,1,birch,,,,
15.2,13.9,17.2,1778,0,1,birch,,,,
8.9,14,17.2,1778,0,1,birch,,,,
10.7,14,17.2,1778,0,1,birch,,,,
14.2,14,17.2,1778,0,1,birch,,,,
11.4,14.1,17.2,1778,0,1,birch,,,,
16.4,14.4,17.2,1778,0,1,birch,,,,
11.9,14.5,17.2,1778,0,1,birch,,,,
13.3,14.5,17.2,1778,0,1,birch,,,,
9.5,14.7,17.2,1778,0,1,birch,,,,
13.3,14.7,17.2,1778,0,1,birch,,,,
19.9,14.7,17.2,1778,0,1,birch,,,,
15.3,14.9,17.2,1778,0,1,birch,,,,
12.3,15,17.2,1778,0,1,birch,,,,
13.3,15,17.2,1778,0,1,birch,,,,
9.8,15.2,17.2,1778,0,1,birch,,,,
8.8,15.4,17.2,1778,0,1,birch,,,,
11.4,15.4,17.2,1778,0,1,birch,,,,
12.2,15.4,17.2,1778,0,1,birch,,,,
16.2,15.4,17.2,1778,0,1,birch,,,,
14.7,15.5,17.2,1778,0,1,birch,,,,
16,15.5,17.2,1778,0,1,birch,,,,
9,15.6,17.2,1778,0,1,birch,,,,
11.6,15.6,17.2,1778,0,1,birch,,,,
13.7,15.6,17.2,1778,0,1,birch,,,,
14.7,15.7,17.2,1778,0,1,birch,,,,
12.6,15.8,17.2,1778,0,1,birch,,,,
15.9,15.8,17.2,1778,0,1,birch,,,,
10.8,15.9,17.2,1778,0,1,birch,,,,
12.6,15.9,17.2,1778,0,1,birch,,,,
15.1,15.9,17.2,1778,0,1,birch,,,,
11.7,16,17.2,1778,0,1,birch,,,,
11.3,16.2,17.2,1778,0,1,birch,,,,
14.3,16.4,17.2,1778,0,1,birch,,,,
17.5,16.5,17.2,1778,0,1,birch,,,,
13.2,16.6,17.2,1778,0,1,birch,,,,
13.2,17,17.2,1778,0,1,birch,,,,
17.3,18.2,17.2,1778,0,1,birch,,,,
4.8,3,16.4,1844,0,1,birch,,,,
9.8,4.1,16.4,1844,0,1,birch,,,,
5.1,4.2,16.4,1844,0,1,birch,,,,
6.9,4.6,16.4,1844,0,1,birch,,,,
5.3,4.8,16.4,1844,0,1,birch,,,,
8.3,5.2,16.4,1844,0,1,birch,,,,
6.4,5.5,16.4,1844,0,1,birch,,,,
6.3,5.7,16.4,1844,0,1,birch,,,,
6.3,5.7,16.4,1844,0,1,birch,,,,
6.6,5.9,16.4,1844,0,1,birch,,,,
6.2,6.1,16.4,1844,0,1,birch,,,,
6.6,6.5,16.4,1844,0,1,birch,,,,
7.3,6.8,16.4,1844,0,1,birch,,,,
8.1,6.8,16.4,1844,0,1,birch,,,,
8.1,6.8,16.4,1844,0,1,birch,,,,
7.1,6.9,16.4,1844,0,1,birch,,,,
8.3,7,16.4,1844,0,1,birch,,,,
8.7,7,16.4,1844,0,1,birch,,,,
6.1,7.2,16.4,1844,0,1,birch,,,,
8.1,7.2,16.4,1844,0,1,birch,,,,
9.6,7.2,16.4,1844,0,1,birch,,,,
7.1,7.5,16.4,1844,0,1,birch,,,,
9.1,7.5,16.4,1844,0,1,birch,,,,
11,7.5,16.4,1844,0,1,birch,,,,
11.5,7.5,16.4,1844,0,1,birch,,,,
7,7.8,16.4,1844,0,1,birch,,,,
9.2,7.8,16.4,1844,0,1,birch,,,,
10.4,7.8,16.4,1844,0,1,birch,,,,
10.4,7.8,16.4,1844,0,1,birch,,,,
10.1,7.9,16.4,1844,0,1,birch,,,,
8.9,8,16.4,1844,0,1,birch,,,,
10.8,8.2,16.4,1844,0,1,birch,,,,
6.7,8.3,16.4,1844,0,1,birch,,,,
10.5,8.3,16.4,1844,0,1,birch,,,,
11.2,8.3,16.4,1844,0,1,birch,,,,
12.4,8.3,16.4,1844,0,1,birch,,,,
8.4,8.4,16.4,1844,0,1,birch,,,,
10.5,8.4,16.4,1844,0,1,birch,,,,
14.6,8.4,16.4,1844,0,1,birch,,,,
7.7,8.5,16.4,1844,0,1,birch,,,,
7.8,8.5,16.4,1844,0,1,birch,,,,
8.2,8.5,16.4,1844,0,1,birch,,,,
12.5,8.5,16.4,1844,0,1,birch,,,,
17.5,8.5,16.4,1844,0,1,birch,,,,
7.5,8.6,16.4,1844,0,1,birch,,,,
22.1,8.6,16.4,1844,0,1,birch,,,,
9.5,8.7,16.4,1844,0,1,birch,,,,
15.7,8.7,16.4,1844,0,1,birch,,,,
16.4,8.7,16.4,1844,0,1,birch,,,,
9.2,8.8,16.4,1844,0,1,birch,,,,
9.3,8.8,16.4,1844,0,1,birch,,,,
9.3,8.8,16.4,1844,0,1,birch,,,,
11.4,8.8,16.4,1844,0,1,birch,,,,
11.6,8.8,16.4,1844,0,1,birch,,,,
9.2,8.9,16.4,1844,0,1,birch,,,,
11.8,8.9,16.4,1844,0,1,birch,,,,
13.9,8.9,16.4,1844,0,1,birch,,,,
14.5,8.9,16.4,1844,0,1,birch,,,,
9.6,9,16.4,1844,0,1,birch,,,,
12.7,9.1,16.4,1844,0,1,birch,,,,
17.2,9.1,16.4,1844,0,1,birch,,,,
13.6,9.2,16.4,1844,0,1,birch,,,,
17.3,9.3,16.4,1844,0,1,birch,,,,
15.5,9.5,16.4,1844,0,1,birch,,,,
11.8,9.6,16.4,1844,0,1,birch,,,,
15.4,9.6,16.4,1844,0,1,birch,,,,
18.5,9.6,16.4,1844,0,1,birch,,,,
12.3,9.7,16.4,1844,0,1,birch,,,,
11.4,9.8,16.4,1844,0,1,birch,,,,
13.1,9.8,16.4,1844,0,1,birch,,,,
10.7,9.9,16.4,1844,0,1,birch,,,,
14.1,9.9,16.4,1844,0,1,birch,,,,
10.8,10,16.4,1844,0,1,birch,,,,
15.6,10,16.4,1844,0,1,birch,,,,
15.9,10,16.4,1844,0,1,birch,,,,
11.3,10.1,16.4,1844,0,1,birch,,,,
12.7,10.1,16.4,1844,0,1,birch,,,,
15.7,10.1,16.4,1844,0,1,birch,,,,
16.2,10.1,16.4,1844,0,1,birch,,,,
9.8,10.2,16.4,1844,0,1,birch,,,,
10.8,10.2,16.4,1844,0,1,birch,,,,
10.5,10.3,16.4,1844,0,1,birch,,,,
12.5,10.3,16.4,1844,0,1,birch,,,,
15.7,10.3,16.4,1844,0,1,birch,,,,
16.6,10.3,16.4,1844,0,1,birch,,,,
14.2,10.4,16.4,1844,0,1,birch,,,,
16.2,10.4,16.4,1844,0,1,birch,,,,
18.7,10.4,16.4,1844,0,1,birch,,,,
15.7,10.5,16.4,1844,0,1,birch,,,,
7.2,10.6,16.4,1844,0,1,birch,,,,
10.4,10.6,16.4,1844,0,1,birch,,,,
11.2,10.8,16.4,1844,0,1,birch,,,,
14.1,10.8,16.4,1844,0,1,birch,,,,
14.2,10.8,16.4,1844,0,1,birch,,,,
15.1,10.8,16.4,1844,0,1,birch,,,,
10.5,10.9,16.4,1844,0,1,birch,,,,
14.1,11,16.4,1844,0,1,birch,,,,
19.1,11.1,16.4,1844,0,1,birch,,,,
20.9,11.1,16.4,1844,0,1,birch,,,,
9.7,11.2,16.4,1844,0,1,birch,,,,
12.8,11.2,16.4,1844,0,1,birch,,,,
13.7,11.2,16.4,1844,0,1,birch,,,,
14.4,11.2,16.4,1844,0,1,birch,,,,
13.5,11.3,16.4,1844,0,1,birch,,,,
9.5,11.4,16.4,1844,0,1,birch,,,,
12.5,11.5,16.4,1844,0,1,birch,,,,
9.7,11.6,16.4,1844,0,1,birch,,,,
11.1,11.7,16.4,1844,0,1,birch,,,,
16.2,11.8,16.4,1844,0,1,birch,,,,
13,11.9,16.4,1844,0,1,birch,,,,
17,11.9,16.4,1844,0,1,birch,,,,
18.1,11.9,16.4,1844,0,1,birch,,,,
14.1,12.1,16.4,1844,0,1,birch,,,,
20.4,12.3,16.4,1844,0,1,birch,,,,
14.1,12.5,16.4,1844,0,1,birch,,,,
11.8,12.6,16.4,1844,0,1,birch,,,,
16.5,12.6,16.4,1844,0,1,birch,,,,
19,12.6,16.4,1844,0,1,birch,,,,
14.2,12.8,16.4,1844,0,1,birch,,,,
14.6,12.8,16.4,1844,0,1,birch,,,,
11.4,13.1,16.4,1844,0,1,birch,,,,
18.5,13.1,16.4,1844,0,1,birch,,,,
11.9,13.2,16.4,1844,0,1,birch,,,,
13.6,13.3,16.4,1844,0,1,birch,,,,
14.5,13.4,16.4,1844,0,1,birch,,,,
12.4,13.5,16.4,1844,0,1,birch,,,,
18.8,13.7,16.4,1844,0,1,birch,,,,
20,13.9,16.4,1844,0,1,birch,,,,
12.9,14,16.4,1844,0,1,birch,,,,
13.6,14.2,16.4,1844,0,1,birch,,,,
15.5,14.2,16.4,1844,0,1,birch,,,,
18.6,14.2,16.4,1844,0,1,birch,,,,
11.3,14.3,16.4,1844,0,1,birch,,,,
22.5,14.4,16.4,1844,0,1,birch,,,,
14.4,14.9,16.4,1844,0,1,birch,,,,
13,15.3,16.4,1844,0,1,birch,,,,
21,15.5,16.4,1844,0,1,birch,,,,
16.7,15.6,16.4,1844,0,1,birch,,,,
21.1,15.6,16.4,1844,0,1,birch,,,,
17.6,15.7,16.4,1844,0,1,birch,,,,
18,15.8,16.4,1844,0,1,birch,,,,
14.1,15.9,16.4,1844,0,1,birch,,,,
18.7,18.9,16.4,1844,0,1,birch,,,,
4.8,2.3,15,1956,0,1,birch,,,,
3.1,2.7,15,1956,0,1,birch,,,,
5.2,2.9,15,1956,0,1,birch,,,,
2.9,3.1,15,1956,0,1,birch,,,,
2.2,3.2,15,1956,0,1,birch,,,,
3,3.2,15,1956,0,1,birch,,,,
4.5,3.2,15,1956,0,1,birch,,,,
7.2,3.2,15,1956,0,1,birch,,,,
3,3.5,15,1956,0,1,birch,,,,
4.2,3.5,15,1956,0,1,birch,,,,
8.5,3.6,15,1956,0,1,birch,,,,
5.9,3.7,15,1956,0,1,birch,,,,
2.2,3.9,15,1956,0,1,birch,,,,
5,4,15,1956,0,1,birch,,,,
2.7,4.2,15,1956,0,1,birch,,,,
4.5,4.2,15,1956,0,1,birch,,,,
2.7,4.3,15,1956,0,1,birch,,,,
2.8,4.3,15,1956,0,1,birch,,,,
2.8,4.4,15,1956,0,1,birch,,,,
4,4.4,15,1956,0,1,birch,,,,
3,4.5,15,1956,0,1,birch,,,,
4.8,4.5,15,1956,0,1,birch,,,,
3.5,4.6,15,1956,0,1,birch,,,,
4.2,4.6,15,1956,0,1,birch,,,,
4.3,4.6,15,1956,0,1,birch,,,,
3,4.7,15,1956,0,1,birch,,,,
6,4.8,15,1956,0,1,birch,,,,
6.6,4.8,15,1956,0,1,birch,,,,
3.2,4.9,15,1956,0,1,birch,,,,
10.3,4.9,15,1956,0,1,birch,,,,
3.6,5.1,15,1956,0,1,birch,,,,
5.5,5.2,15,1956,0,1,birch,,,,
4.5,5.3,15,1956,0,1,birch,,,,
4.7,5.3,15,1956,0,1,birch,,,,
4.9,5.3,15,1956,0,1,birch,,,,
3.1,5.4,15,1956,0,1,birch,,,,
3.5,5.4,15,1956,0,1,birch,,,,
10.4,5.4,15,1956,0,1,birch,,,,
4.1,5.5,15,1956,0,1,birch,,,,
4.7,5.5,15,1956,0,1,birch,,,,
8.2,5.5,15,1956,0,1,birch,,,,
6.1,5.6,15,1956,0,1,birch,,,,
7.4,5.6,15,1956,0,1,birch,,,,
11.1,5.6,15,1956,0,1,birch,,,,
6.5,5.7,15,1956,0,1,birch,,,,
16.3,5.7,15,1956,0,1,birch,,,,
4.1,5.8,15,1956,0,1,birch,,,,
5.3,5.8,15,1956,0,1,birch,,,,
14.1,5.8,15,1956,0,1,birch,,,,
5.6,6,15,1956,0,1,birch,,,,
5.8,6,15,1956,0,1,birch,,,,
5.1,6.1,15,1956,0,1,birch,,,,
11,6.1,15,1956,0,1,birch,,,,
4.3,6.3,15,1956,0,1,birch,,,,
6,6.3,15,1956,0,1,birch,,,,
4.3,6.4,15,1956,0,1,birch,,,,
9.6,6.5,15,1956,0,1,birch,,,,
6.1,6.7,15,1956,0,1,birch,,,,
5.9,6.8,15,1956,0,1,birch,,,,
6.5,6.8,15,1956,0,1,birch,,,,
16.6,6.8,15,1956,0,1,birch,,,,
10.8,7,15,1956,0,1,birch,,,,
8.6,7.1,15,1956,0,1,birch,,,,
10.7,7.4,15,1956,0,1,birch,,,,
7,7.7,15,1956,0,1,birch,,,,
6.7,7.8,15,1956,0,1,birch,,,,
7.3,7.8,15,1956,0,1,birch,,,,
9.4,7.8,15,1956,0,1,birch,,,,
10.2,7.8,15,1956,0,1,birch,,,,
8.1,7.9,15,1956,0,1,birch,,,,
6.8,8.2,15,1956,0,1,birch,,,,
5.3,8.3,15,1956,0,1,birch,,,,
10.3,8.3,15,1956,0,1,birch,,,,
9.3,8.4,15,1956,0,1,birch,,,,
21.8,8.4,15,1956,0,1,birch,,,,
8.6,8.5,15,1956,0,1,birch,,,,
9,8.5,15,1956,0,1,birch,,,,
10.5,8.5,15,1956,0,1,birch,,,,
11.1,8.6,15,1956,0,1,birch,,,,
8.9,8.7,15,1956,0,1,birch,,,,
15.9,8.7,15,1956,0,1,birch,,,,
5.2,8.8,15,1956,0,1,birch,,,,
8.9,8.8,15,1956,0,1,birch,,,,
9.8,8.8,15,1956,0,1,birch,,,,
5.9,8.9,15,1956,0,1,birch,,,,
8.1,9.1,15,1956,0,1,birch,,,,
9.8,9.2,15,1956,0,1,birch,,,,
11.2,9.2,15,1956,0,1,birch,,,,
12.1,9.2,15,1956,0,1,birch,,,,
8.1,9.4,15,1956,0,1,birch,,,,
11.4,9.4,15,1956,0,1,birch,,,,
9.7,9.5,15,1956,0,1,birch,,,,
5.2,9.6,15,1956,0,1,birch,,,,
9.5,9.6,15,1956,0,1,birch,,,,
6.5,9.7,15,1956,0,1,birch,,,,
10.5,9.7,15,1956,0,1,birch,,,,
4.2,9.9,15,1956,0,1,birch,,,,
6.4,9.9,15,1956,0,1,birch,,,,
9.7,10.1,15,1956,0,1,birch,,,,
18.4,10.2,15,1956,0,1,birch,,,,
5.9,10.3,15,1956,0,1,birch,,,,
9,10.3,15,1956,0,1,birch,,,,
9.3,10.3,15,1956,0,1,birch,,,,
11,10.4,15,1956,0,1,birch,,,,
10.7,10.5,15,1956,0,1,birch,,,,
13.7,10.5,15,1956,0,1,birch,,,,
9.5,10.6,15,1956,0,1,birch,,,,
33.8,10.6,15,1956,0,1,birch,,,,
8,10.7,15,1956,0,1,birch,,,,
10.4,10.7,15,1956,0,1,birch,,,,
12.9,10.7,15,1956,0,1,birch,,,,
11.1,10.8,15,1956,0,1,birch,,,,
13.1,10.8,15,1956,0,1,birch,,,,
15,10.9,15,1956,0,1,birch,,,,
14,11.1,15,1956,0,1,birch,,,,
9.8,11.2,15,1956,0,1,birch,,,,
16.9,11.2,15,1956,0,1,birch,,,,
16.5,11.7,15,1956,0,1,birch,,,,
22,11.7,15,1956,0,1,birch,,,,
16.5,11.9,15,1956,0,1,birch,,,,
34.6,12,15,1956,0,1,birch,,,,
14.8,12.1,15,1956,0,1,birch,,,,
13.6,12.2,15,1956,0,1,birch,,,,
6.7,12.4,15,1956,0,1,birch,,,,
12.6,12.6,15,1956,0,1,birch,,,,
17.4,12.6,15,1956,0,1,birch,,,,
11,12.8,15,1956,0,1,birch,,,,
13,12.8,15,1956,0,1,birch,,,,
24.8,12.8,15,1956,0,1,birch,,,,
14,12.9,15,1956,0,1,birch,,,,
25.1,12.9,15,1956,0,1,birch,,,,
11.4,13.1,15,1956,0,1,birch,,,,
16.8,13.2,15,1956,0,1,birch,,,,
16.8,13.4,15,1956,0,1,birch,,,,
15.9,13.5,15,1956,0,1,birch,,,,
18,13.6,15,1956,0,1,birch,,,,
19.8,13.6,15,1956,0,1,birch,,,,
16.6,13.8,15,1956,0,1,birch,,,,
26,13.9,15,1956,0,1,birch,,,,
14.2,14.1,15,1956,0,1,birch,,,,
18,14.2,15,1956,0,1,birch,,,,
15.4,14.4,15,1956,0,1,birch,,,,
27,14.4,15,1956,0,1,birch,,,,
22,14.8,15,1956,0,1,birch,,,,
20.2,14.9,15,1956,0,1,birch,,,,
15.8,15.3,15,1956,0,1,birch,,,,
5.8,4.3,13.2,2122,0,1,birch,,,,
4.3,4.7,13.2,2122,0,1,birch,,,,
3,5.2,13.2,2122,0,1,birch,,,,
6.9,6.1,13.2,2122,0,1,birch,,,,
4.1,6.5,13.2,2122,0,1,birch,,,,
5.4,6.6,13.2,2122,0,1,birch,,,,
5.2,7,13.2,2122,0,1,birch,,,,
8.7,7.3,13.2,2122,0,1,birch,,,,
4.9,7.6,13.2,2122,0,1,birch,,,,
13.2,7.7,13.2,2122,0,1,birch,,,,
6.3,7.9,13.2,2122,0,1,birch,,,,
6.5,8,13.2,2122,0,1,birch,,,,
6.8,8.1,13.2,2122,0,1,birch,,,,
6.6,8.2,13.2,2122,0,1,birch,,,,
6.9,8.2,13.2,2122,0,1,birch,,,,
8,8.2,13.2,2122,0,1,birch,,,,
6.8,8.3,13.2,2122,0,1,birch,,,,
4.7,8.4,13.2,2122,0,1,birch,,,,
6.3,8.8,13.2,2122,0,1,birch,,,,
7.8,8.8,13.2,2122,0,1,birch,,,,
8.7,8.8,13.2,2122,0,1,birch,,,,
7.5,10.6,13.2,2122,0,1,birch,,,,
3.6,5.2,14.1,2200,0,1,birch,,,,
4.4,5.2,14.1,2200,0,1,birch,,,,
3.5,5.3,14.1,2200,0,1,birch,,,,
4.5,5.8,14.1,2200,0,1,birch,,,,
5.2,6.4,14.1,2200,0,1,birch,,,,
7.5,6.8,14.1,2200,0,1,birch,,,,
7.6,6.9,14.1,2200,0,1,birch,,,,
3.7,7,14.1,2200,0,1,birch,,,,
3.9,7,14.1,2200,0,1,birch,,,,
5.4,7.2,14.1,2200,0,1,birch,,,,
10.2,7.2,14.1,2200,0,1,birch,,,,
5.8,7.5,14.1,2200,0,1,birch,,,,
8.3,7.6,14.1,2200,0,1,birch,,,,
5.7,7.9,14.1,2200,0,1,birch,,,,
6.8,7.9,14.1,2200,0,1,birch,,,,
7.6,7.9,14.1,2200,0,1,birch,,,,
8.9,7.9,14.1,2200,0,1,birch,,,,
4.9,8.2,14.1,2200,0,1,birch,,,,
7.1,8.2,14.1,2200,0,1,birch,,,,
8.2,8.2,14.1,2200,0,1,birch,,,,
8.9,8.2,14.1,2200,0,1,birch,,,,
9.6,8.2,14.1,2200,0,1,birch,,,,
10.2,8.2,14.1,2200,0,1,birch,,,,
7,8.4,14.1,2200,0,1,birch,,,,
4.4,8.6,14.1,2200,0,1,birch,,,,
5.4,8.6,14.1,2200,0,1,birch,,,,
5.9,8.6,14.1,2200,0,1,birch,,,,
8.1,8.6,14.1,2200,0,1,birch,,,,
8.6,8.6,14.1,2200,0,1,birch,,,,
10.2,8.6,14.1,2200,0,1,birch,,,,
8.1,8.7,14.1,2200,0,1,birch,,,,
7.2,8.8,14.1,2200,0,1,birch,,,,
4.4,8.9,14.1,2200,0,1,birch,,,,
9.4,8.9,14.1,2200,0,1,birch,,,,
10.2,8.9,14.1,2200,0,1,birch,,,,
7.6,9,14.1,2200,0,1,birch,,,,
9.3,9,14.1,2200,0,1,birch,,,,
5.6,9.4,14.1,2200,0,1,birch,,,,
6.5,9.4,14.1,2200,0,1,birch,,,,
9.6,9.4,14.1,2200,0,1,birch,,,,
11.4,9.6,14.1,2200,0,1,birch,,,,
11.5,9.6,14.1,2200,0,1,birch,,,,
12.2,9.6,14.1,2200,0,1,birch,,,,
7.1,9.7,14.1,2200,0,1,birch,,,,
7.4,9.7,14.1,2200,0,1,birch,,,,
7.2,9.8,14.1,2200,0,1,birch,,,,
14.2,9.8,14.1,2200,0,1,birch,,,,
14.6,10,14.1,2200,0,1,birch,,,,
5.2,10.1,14.1,2200,0,1,birch,,,,
11.6,10.1,14.1,2200,0,1,birch,,,,
7.5,10.2,14.1,2200,0,1,birch,,,,
8.9,10.3,14.1,2200,0,1,birch,,,,
10.2,10.3,14.1,2200,0,1,birch,,,,
8.4,10.4,14.1,2200,0,1,birch,,,,
10.2,10.4,14.1,2200,0,1,birch,,,,
10.6,10.4,14.1,2200,0,1,birch,,,,
12.4,10.4,14.1,2200,0,1,birch,,,,
7.4,10.5,14.1,2200,0,1,birch,,,,
9.7,10.5,14.1,2200,0,1,birch,,,,
6.4,10.7,14.1,2200,0,1,birch,,,,
7.6,10.7,14.1,2200,0,1,birch,,,,
10.1,10.7,14.1,2200,0,1,birch,,,,
7.2,10.8,14.1,2200,0,1,birch,,,,
7.5,10.8,14.1,2200,0,1,birch,,,,
13.5,10.8,14.1,2200,0,1,birch,,,,
7.4,10.9,14.1,2200,0,1,birch,,,,
8.4,10.9,14.1,2200,0,1,birch,,,,
8.9,10.9,14.1,2200,0,1,birch,,,,
9.6,10.9,14.1,2200,0,1,birch,,,,
9.7,10.9,14.1,2200,0,1,birch,,,,
11.5,10.9,14.1,2200,0,1,birch,,,,
8.6,11,14.1,2200,0,1,birch,,,,
15,11.1,14.1,2200,0,1,birch,,,,
7.5,11.2,14.1,2200,0,1,birch,,,,
8.1,11.2,14.1,2200,0,1,birch,,,,
10.7,11.4,14.1,2200,0,1,birch,,,,
12.1,11.4,14.1,2200,0,1,birch,,,,
13.1,11.5,14.1,2200,0,1,birch,,,,
8.6,11.6,14.1,2200,0,1,birch,,,,
8.7,11.6,14.1,2200,0,1,birch,,,,
10.4,11.6,14.1,2200,0,1,birch,,,,
11.2,11.6,14.1,2200,0,1,birch,,,,
7.4,11.7,14.1,2200,0,1,birch,,,,
11.2,11.7,14.1,2200,0,1,birch,,,,
5.2,11.8,14.1,2200,0,1,birch,,,,
8.6,11.8,14.1,2200,0,1,birch,,,,
9.2,11.8,14.1,2200,0,1,birch,,,,
10.1,11.8,14.1,2200,0,1,birch,,,,
12.1,11.8,14.1,2200,0,1,birch,,,,
13.2,11.8,14.1,2200,0,1,birch,,,,
7,11.9,14.1,2200,0,1,birch,,,,
9.2,11.9,14.1,2200,0,1,birch,,,,
10.9,11.9,14.1,2200,0,1,birch,,,,
12.4,11.9,14.1,2200,0,1,birch,,,,
5.3,12.1,14.1,2200,0,1,birch,,,,
5.4,12.1,14.1,2200,0,1,birch,,,,
7.2,12.1,14.1,2200,0,1,birch,,,,
11.2,12.1,14.1,2200,0,1,birch,,,,
11.3,12.1,14.1,2200,0,1,birch,,,,
13.5,12.1,14.1,2200,0,1,birch,,,,
9.1,12.2,14.1,2200,0,1,birch,,,,
9.6,12.2,14.1,2200,0,1,birch,,,,
13.4,12.2,14.1,2200,0,1,birch,,,,
7.9,12.3,14.1,2200,0,1,birch,,,,
8.2,12.3,14.1,2200,0,1,birch,,,,
8.9,12.3,14.1,2200,0,1,birch,,,,
10.2,12.3,14.1,2200,0,1,birch,,,,
11.3,12.3,14.1,2200,0,1,birch,,,,
9.4,12.4,14.1,2200,0,1,birch,,,,
9.9,12.4,14.1,2200,0,1,birch,,,,
12.2,12.4,14.1,2200,0,1,birch,,,,
12.4,12.4,14.1,2200,0,1,birch,,,,
16.6,12.4,14.1,2200,0,1,birch,,,,
6.7,12.5,14.1,2200,0,1,birch,,,,
7,12.5,14.1,2200,0,1,birch,,,,
11.3,12.5,14.1,2200,0,1,birch,,,,
13.5,12.5,14.1,2200,0,1,birch,,,,
13.6,12.5,14.1,2200,0,1,birch,,,,
7.2,12.6,14.1,2200,0,1,birch,,,,
8.9,12.6,14.1,2200,0,1,birch,,,,
10.5,12.6,14.1,2200,0,1,birch,,,,
10.9,12.6,14.1,2200,0,1,birch,,,,
11.5,12.6,14.1,2200,0,1,birch,,,,
11.5,12.6,14.1,2200,0,1,birch,,,,
5.2,12.7,14.1,2200,0,1,birch,,,,
7.9,12.7,14.1,2200,0,1,birch,,,,
9.2,12.7,14.1,2200,0,1,birch,,,,
9.6,12.7,14.1,2200,0,1,birch,,,,
12.2,12.7,14.1,2200,0,1,birch,,,,
12.6,12.7,14.1,2200,0,1,birch,,,,
13.5,12.7,14.1,2200,0,1,birch,,,,
14.4,12.7,14.1,2200,0,1,birch,,,,
7.6,12.8,14.1,2200,0,1,birch,,,,
9.9,12.8,14.1,2200,0,1,birch,,,,
11.5,12.8,14.1,2200,0,1,birch,,,,
11.5,12.8,14.1,2200,0,1,birch,,,,
13.6,12.8,14.1,2200,0,1,birch,,,,
14.6,12.8,14.1,2200,0,1,birch,,,,
14.7,12.8,14.1,2200,0,1,birch,,,,
15.9,12.8,14.1,2200,0,1,birch,,,,
17.78,12.8,14.1,2200,0,1,birch,,,,
8.6,12.9,14.1,2200,0,1,birch,,,,
9.5,12.9,14.1,2200,0,1,birch,,,,
13.1,12.9,14.1,2200,0,1,birch,,,,
12.1,13,14.1,2200,0,1,birch,,,,
7.9,13.1,14.1,2200,0,1,birch,,,,
10,13.1,14.1,2200,0,1,birch,,,,
12,13.1,14.1,2200,0,1,birch,,,,
13.2,13.1,14.1,2200,0,1,birch,,,,
14.6,13.1,14.1,2200,0,1,birch,,,,
10.2,13.2,14.1,2200,0,1,birch,,,,
11.6,13.2,14.1,2200,0,1,birch,,,,
11.8,13.2,14.1,2200,0,1,birch,,,,
12.9,13.2,14.1,2200,0,1,birch,,,,
13.2,13.2,14.1,2200,0,1,birch,,,,
13.9,13.2,14.1,2200,0,1,birch,,,,
14.4,13.2,14.1,2200,0,1,birch,,,,
14.4,13.2,14.1,2200,0,1,birch,,mean,13.22201906,9.902965055
12.6,13.3,14.1,2200,0,1,birch,,max,41.4,23.4
13.3,13.3,14.1,2200,0,1,birch,,min,2,1.9
11.4,13.4,14.1,2200,0,1,birch,,sd,7.145811929,3.888188105
11.6,13.4,14.1,2200,0,1,birch,,,,
12.1,13.4,14.1,2200,0,1,birch,,,,
14.2,13.4,14.1,2200,0,1,birch,,,,
9.5,13.6,14.1,2200,0,1,birch,,,,
6.7,13.7,14.1,2200,0,1,birch,,,,
10.9,13.7,14.1,2200,0,1,birch,,,,
15.6,14.2,14.1,2200,0,1,birch,,,,
8.2,14.3,14.1,2200,0,1,birch,,,,
10.2,14.7,14.1,2200,0,1,birch,,,,
7.145811929,3.888188105,,,,,,,,,
